episode,reward,episode_length,epsilon,loss
0,50.0,168,0.9922931652094688,0.4177119731903076
1,0.0,150,0.9854622671079284,0.23798732459545135
2,0.0,133,0.9794448792665313,1.6607362031936646
3,0.0,115,0.9742715034065327,0.13858482241630554
4,0.0,162,0.9670301172728718,0.11754518747329712
5,100.0,175,0.9592680945759312,0.140525221824646
6,50.0,136,0.9532789430273665,0.503311038017273
7,50.0,245,0.9425838621704916,1.9183731079101562
8,100.0,150,0.9360951605041007,0.21455860137939453
9,150.0,202,0.9274275653176943,0.19739630818367004
10,0.0,170,0.9201952772713375,0.28100883960723877
11,100.0,156,0.9136082233792095,0.20141573250293732
12,100.0,155,0.9071100947401728,0.22860339283943176
13,0.0,115,0.9023187873722643,0.3435208797454834
14,0.0,150,0.8961072685311119,0.39329397678375244
15,0.0,116,0.8913330291590895,0.1737484633922577
16,0.0,176,0.8841378843172397,0.1846674680709839
17,0.0,118,0.8793464203554406,0.1656550168991089
18,100.0,166,0.8726498130869104,1.8670483827590942
19,0.0,116,0.8680005492744911,1.862626552581787
20,0.0,151,0.8619855787057585,0.73091721534729
21,0.0,118,0.8573141661249611,0.5746805667877197
22,0.0,128,0.8522754918677646,0.557381272315979
23,50.0,153,0.8462915410756289,0.5520888566970825
24,0.0,163,0.8399626982774332,0.6058569550514221
25,50.0,135,0.8347568662342464,0.5624218583106995
26,0.0,113,0.8304242061523156,0.5640369057655334
27,50.0,122,0.8257717093186917,0.3882330358028412
28,50.0,124,0.8210696515596295,0.5900973081588745
29,100.0,184,0.8141417005707747,0.6137565970420837
30,50.0,131,0.8092449538789062,0.5857753753662109
31,0.0,117,0.8048964278752732,0.973009467124939
32,50.0,117,0.8005712689353625,2.38316011428833
33,0.0,146,0.7952066440708725,1.1357460021972656
34,0.0,104,0.7914072053994851,0.9018490314483643
35,0.0,103,0.7876621925149774,1.406564712524414
36,0.0,120,0.7833214154374524,0.5945780873298645
37,0.0,120,0.779004560221121,1.1916697025299072
38,100.0,163,0.7731789113029587,1.0488077402114868
39,50.0,115,0.7690950213364399,0.4543936848640442
40,0.0,150,0.763800608449859,0.8863064646720886
41,0.0,119,0.7596263129545539,2.1073076725006104
42,50.0,125,0.7552661140948065,2.158536911010742
43,50.0,160,0.7497215596874705,1.1395882368087769
44,100.0,177,0.743635304565796,2.4262924194335938
45,0.0,103,0.7401163527822222,0.9005684852600098
46,50.0,117,0.7361392934377544,1.6036462783813477
47,0.0,113,0.732318490686162,0.9553734064102173
48,0.0,166,0.7267415653537931,1.871225118637085
49,0.0,119,0.7227698036021702,1.6059496402740479
50,0.0,118,0.7188528518143723,2.328198194503784
51,150.0,194,0.712459201812767,1.003114104270935
52,100.0,111,0.708826588786248,1.9691487550735474
53,100.0,149,0.7039794795777238,1.2580066919326782
54,0.0,146,0.6992621159065847,3.437382936477661
55,0.0,128,0.6951523575919908,2.0418174266815186
56,0.0,119,0.6913532360375628,6.1731696128845215
57,50.0,121,0.6875115522347824,2.23423433303833
58,0.0,99,0.6843842399195382,5.650068283081055
59,50.0,123,0.6805186001876663,4.143510818481445
60,100.0,126,0.676581315310491,2.6983957290649414
61,0.0,120,0.672852700820053,2.875316619873047
62,0.0,120,0.6691446345855359,4.591038703918457
63,0.0,119,0.6654876494994323,5.715776443481445
64,0.0,124,0.6616982712359525,9.598519325256348
65,50.0,159,0.6568708657584529,7.154353141784668
66,0.0,105,0.6537022804330889,4.148558616638184
67,50.0,125,0.6499500776866194,7.336627006530762
68,0.0,101,0.6469340352379868,9.240873336791992
69,0.0,148,0.6425397500373016,11.520744323730469
70,0.0,121,0.6389693110465066,9.11549186706543
71,0.0,152,0.6345122338209384,8.516311645507812
72,50.0,119,0.6310445204805023,10.093182563781738
73,0.0,158,0.626469598107889,12.45327091217041
74,0.0,148,0.622214317146157,13.346639633178711
75,50.0,194,0.6166801934937582,14.24085807800293
76,50.0,144,0.612604242326336,7.147791385650635
77,0.0,144,0.6085552311808158,21.55055046081543
78,50.0,163,0.6040042576625553,11.433298110961914
79,100.0,119,0.6007032754114113,19.138782501220703
80,0.0,144,0.5967329237728803,6.535032272338867
81,100.0,118,0.5934990115632653,15.415945053100586
82,0.0,162,0.5890877612109267,35.709815979003906
83,0.0,152,0.5849786285828604,20.512495040893555
84,50.0,148,0.5810051741187541,21.522987365722656
85,0.0,147,0.5770852844042172,19.289165496826172
86,0.0,155,0.5729807083750266,22.403579711914062
87,0.0,137,0.5693771051094234,22.548385620117188
88,50.0,209,0.5639232493623375,48.503944396972656
89,50.0,195,0.5588818424213086,32.87239074707031
90,0.0,195,0.5538855050601805,24.727258682250977
91,50.0,119,0.5508584300053702,13.42435073852539
92,0.0,119,0.5478478984118055,41.31846618652344
93,50.0,160,0.5438260411842645,31.86044692993164
94,50.0,194,0.5389891216946712,21.59711456298828
95,50.0,153,0.5352048002956724,42.65621566772461
96,0.0,170,0.5310311532915474,47.937156677246094
97,100.0,158,0.5271813039942296,51.548011779785156
98,100.0,237,0.5214587989266624,56.130367279052734
99,0.0,127,0.5184179137308927,34.277503967285156
100,50.0,131,0.5152998309668144,89.6300277709961
101,0.0,111,0.5126724736756596,46.38279724121094
102,0.0,164,0.5088151101943496,29.963863372802734
103,0.0,214,0.5038253322940578,21.06008529663086
104,0.0,168,0.499942433694783,49.985931396484375
105,50.0,106,0.49750792135144073,39.63520812988281
106,0.0,108,0.4950396671355991,48.948585510253906
107,0.0,117,0.49237954197195044,35.45192337036133
108,100.0,161,0.4887423807249171,67.82138061523438
109,0.0,118,0.48609370844722627,45.084510803222656
110,0.0,144,0.48288086937873403,47.37749481201172
111,50.0,153,0.4794904922197082,81.46395874023438
112,0.0,125,0.4767382522541066,60.542152404785156
113,100.0,167,0.4730858952146152,134.1522979736328
114,100.0,141,0.47002396308481986,119.51100158691406
115,50.0,139,0.4670248611563373,138.1704559326172
116,0.0,157,0.46366039408055537,103.56057739257812
117,50.0,288,0.45755151744132744,35.255218505859375
118,50.0,127,0.4548833073381454,53.16542053222656
119,50.0,151,0.4517311092109281,132.07968139648438
120,50.0,229,0.44699225684186833,57.258419036865234
121,50.0,150,0.44391518378955136,108.5159912109375
122,150.0,163,0.4405954419776866,50.019710540771484
123,50.0,109,0.4383893549633269,163.95785522460938
124,0.0,122,0.43593325473075833,77.36192321777344
125,50.0,135,0.4332314736745018,125.75454711914062
126,0.0,153,0.4301896921791882,124.17665100097656
127,0.0,120,0.4278189327691973,89.06527709960938
128,50.0,181,0.4242677296254533,78.03108215332031
129,150.0,134,0.4216576655338584,74.75398254394531
130,0.0,159,0.4185814711221278,80.08885955810547
131,50.0,152,0.41566169092340793,165.41229248046875
132,0.0,168,0.4124582549427084,43.1556396484375
133,0.0,110,0.41037415359768475,89.26359558105469
134,50.0,150,0.407549157795018,140.1788330078125
135,50.0,166,0.4044454928579726,237.3813934326172
136,0.0,103,0.40253161897421186,73.70478820800781
137,0.0,209,0.3986759153222282,58.92765426635742
138,0.0,148,0.3959679179389624,65.4962387084961
139,50.0,168,0.3929162586130562,57.2781982421875
140,0.0,136,0.3904631018448548,44.97693634033203
141,50.0,163,0.38754309204902115,124.14775085449219
142,50.0,127,0.38528313583817503,108.15972137451172
143,150.0,192,0.3818915069338686,137.87118530273438
144,50.0,151,0.379245119006377,84.9852294921875
145,100.0,183,0.3760624750306827,55.059486389160156
146,50.0,180,0.37295806246351887,105.3924331665039
147,0.0,150,0.37039063722049764,104.35770416259766
148,0.0,144,0.3679425382445469,275.42877197265625
149,0.0,150,0.36540963962739276,103.97929382324219
150,0.0,126,0.36329548455847577,43.46739196777344
151,0.0,96,0.3616929135896087,140.92037963867188
152,0.0,111,0.3598487513047197,209.43174743652344
153,0.0,153,0.35732220062836517,38.8321647644043
154,50.0,190,0.3542093328740309,162.36941528320312
155,0.0,103,0.3525331811958862,70.93006896972656
156,0.0,117,0.35063882313010436,67.6031494140625
157,0.0,226,0.3470084097127084,41.2183837890625
158,100.0,170,0.34430236034842115,68.83248901367188
159,50.0,155,0.34185347583642234,313.22802734375
160,100.0,182,0.3390002355756174,213.5015106201172
161,50.0,109,0.3373028416711065,210.2532196044922
162,0.0,151,0.33496543915782767,507.59075927734375
163,100.0,201,0.331879173599931,282.42095947265625
164,50.0,136,0.3298070994032164,340.0052795410156
165,50.0,102,0.3282615380296222,407.30450439453125
166,0.0,136,0.3262120503942668,579.2616577148438
167,50.0,182,0.32348935947100693,421.81182861328125
168,0.0,149,0.32127726940841994,308.86358642578125
169,0.0,225,0.317965499579595,189.90731811523438
170,0.0,108,0.3163879976923937,272.41265869140625
171,100.0,149,0.3142244682744194,173.02015686035156
172,50.0,212,0.3111716337106018,207.14044189453125
173,50.0,154,0.30897262314848845,370.8485107421875
174,50.0,202,0.30611174988033585,229.66336059570312
175,100.0,264,0.3024126821283229,171.81134033203125
176,0.0,156,0.30024791484028684,251.24966430664062
177,50.0,170,0.29790651429683945,398.3738708496094
178,0.0,239,0.2946456270865045,125.09967041015625
179,0.0,204,0.2918905265657095,517.8470458984375
180,0.0,259,0.28842971444775284,365.34417724609375
181,0.0,136,0.28662891519183625,300.8212890625
182,0.0,112,0.2851543492850475,217.73727416992188
183,50.0,149,0.2832044022964096,224.55694580078125
184,0.0,170,0.28099591088425024,179.45700073242188
185,0.0,110,0.2795760727580831,152.359619140625
186,0.0,163,0.27748531215285016,250.76052856445312
187,0.0,103,0.2761722257136769,606.0776977539062
188,0.0,121,0.2746376030186522,239.34698486328125
189,0.0,132,0.2729731931420141,182.69180297851562
190,0.0,115,0.27153136322618954,411.7270812988281
191,0.0,154,0.26961248543980765,427.7236022949219
192,0.0,122,0.26810196680906334,411.9583435058594
193,0.0,120,0.2666244668312514,121.25888061523438
194,0.0,163,0.26463056253843165,953.7337646484375
195,50.0,140,0.2629299143835754,128.89474487304688
196,0.0,149,0.2611319428777556,1308.315673828125
197,50.0,138,0.25947767627672436,416.14727783203125
198,0.0,121,0.2580358211812761,349.2875061035156
199,0.0,141,0.2563657477770486,245.58822631835938
200,0.0,115,0.25501163750606176,567.8787841796875
201,50.0,123,0.25357124326473757,690.838623046875
202,0.0,143,0.2519068631952598,742.9422607421875
203,0.0,136,0.2503340928838831,607.754150390625
204,100.0,193,0.2481189873459914,880.6121826171875
205,50.0,165,0.24624079237492022,612.452880859375
206,50.0,197,0.2440169530800462,739.9547119140625
207,50.0,148,0.24235947329504545,845.9807739257812
208,50.0,103,0.2412126056092575,1204.0255126953125
209,0.0,184,0.2391773226020478,692.1761474609375
210,0.0,129,0.23776066129171833,670.7574462890625
211,0.0,112,0.2365374987057606,546.169677734375
212,0.0,157,0.23483347244768746,448.52783203125
213,0.0,197,0.2327126544518383,406.03582763671875
214,0.0,127,0.23135559140630635,360.42315673828125
215,50.0,147,0.2297946958350583,572.81494140625
216,50.0,183,0.2278662472731834,781.5432739257812
217,150.0,175,0.22603724220745794,925.87109375
218,0.0,121,0.2247812075685077,713.5824584960938
219,100.0,166,0.22306940044268364,874.73876953125
220,0.0,228,0.22073947230447524,306.5303955078125
221,0.0,204,0.21867543544392642,1267.1962890625
222,0.0,135,0.21732015193999657,437.186767578125
223,50.0,105,0.21627185237270205,937.8582763671875
224,0.0,111,0.2151691479003624,1359.9306640625
225,50.0,116,0.21402277954288407,574.6691284179688
226,50.0,222,0.2118458691630236,342.00213623046875
227,50.0,153,0.2103584683534442,676.4610595703125
228,0.0,100,0.20939195898478816,351.44036865234375
229,0.0,133,0.2081133786980166,822.8228759765625
230,50.0,152,0.20666170115342253,763.3230590820312
231,50.0,154,0.2052012490607895,1098.383544921875
232,50.0,186,0.20345108018510713,312.45721435546875
233,150.0,295,0.20070583562239863,1989.370849609375
234,50.0,243,0.19847234453365684,1111.471435546875
235,0.0,204,0.1966165177046792,1296.661376953125
236,0.0,125,0.19548795343342715,555.8231201171875
237,0.0,117,0.19443748726143853,1032.8558349609375
238,50.0,155,0.19305453144718088,891.3914794921875
239,100.0,98,0.19218522654516185,977.123779296875
240,0.0,148,0.1908798126222616,2536.220703125
241,0.0,150,0.18956580523474872,364.54278564453125
242,0.0,150,0.18826084341046603,1032.035400390625
243,50.0,183,0.18668094901206408,1872.08447265625
244,0.0,168,0.18524222977948854,727.7977294921875
245,0.0,104,0.18435715607362108,246.9268798828125
246,50.0,183,0.18281002161427432,1822.7506103515625
247,50.0,149,0.1815599272284325,347.2269287109375
248,50.0,156,0.1802602628475732,407.61773681640625
249,0.0,159,0.17894517798476933,519.5494995117188
250,100.0,194,0.1773535965719366,1310.0616455078125
251,50.0,154,0.17610026114595365,1633.059326171875
252,0.0,166,0.1747591807008847,1871.34375
253,0.0,116,0.17382810672076598,539.2724609375
254,100.0,108,0.1729657044577431,986.1121826171875
255,0.0,150,0.1717750169234169,366.89697265625
256,0.0,114,0.17087557933247774,494.969482421875
257,0.0,171,0.16953524569503753,343.92138671875
258,0.0,233,0.16772584943293511,1723.4537353515625
259,0.0,151,0.16656356209475545,1993.3951416015625
260,0.0,209,0.16496811044727305,1477.6495361328125
261,0.0,142,0.16389284719804612,1919.698974609375
262,0.0,121,0.162982134029072,1172.5458984375
263,0.0,128,0.1620242426100755,1704.9478759765625
264,50.0,217,0.16041316216870455,997.1871337890625
265,0.0,176,0.15911825229934642,3318.284912109375
266,0.0,142,0.15808111846472334,1720.2325439453125
267,0.0,195,0.1566678920216306,1289.226318359375
268,100.0,270,0.15473195044836052,1173.531005859375
269,0.0,162,0.15358188725089109,1774.3990478515625
270,0.0,142,0.152580839480749,2843.328125
271,50.0,160,0.15146071407034056,1007.04736328125
272,50.0,114,0.15066764496037743,2525.09033203125
273,0.0,124,0.14980972265445333,1214.875
274,100.0,136,0.14887439171047714,2085.65869140625
275,0.0,166,0.1477406481589614,509.123291015625
276,0.0,168,0.1466020353917543,543.4434814453125
277,50.0,211,0.14518441533777413,3168.40234375
278,0.0,117,0.14440425822663938,569.731201171875
279,0.0,133,0.14352250307811498,575.55322265625
280,150.0,249,0.14188614851893935,950.28076171875
281,150.0,233,0.14037184235964026,1263.545166015625
282,0.0,136,0.13949543643954682,1899.685302734375
283,0.0,121,0.13872029381954112,3997.28955078125
284,0.0,137,0.13784785100164723,1005.68115234375
285,0.0,276,0.13610685533648054,823.8758544921875
286,50.0,137,0.13525084901516385,4395.3359375
287,100.0,220,0.13388749003654904,3563.603515625
288,0.0,185,0.13275167209077166,5006.5732421875
289,0.0,131,0.13195322225004397,1177.6500244140625
290,0.0,218,0.13063513547747038,2786.881591796875
291,0.0,134,0.1298314776633081,967.44921875
292,50.0,144,0.1289733557898751,820.609619140625
293,50.0,230,0.1276144931749161,450.3658447265625
294,0.0,178,0.12657268705908886,2108.614501953125
295,50.0,143,0.12574189467518487,2016.697265625
296,50.0,185,0.12467517887918979,1334.436767578125
297,0.0,137,0.12389106891670451,2160.37109375
298,0.0,192,0.12280046179887884,774.4456787109375
299,0.0,150,0.1219551093659684,1294.136962890625
300,50.0,249,0.12056465285255916,1204.836669921875
301,0.0,107,0.11997202794385817,3130.04638671875
302,0.0,216,0.11878456182786912,402.787109375
303,50.0,230,0.11753304829382452,707.2859497070312
304,0.0,119,0.11689071092381628,984.569091796875
305,0.0,166,0.1160005370784736,1039.4207763671875
306,0.0,106,0.11543566256429251,2284.0283203125
307,50.0,254,0.11409326277018665,2227.0693359375
308,50.0,236,0.11285998806313755,989.50341796875
309,0.0,178,0.11193863326345027,2387.369873046875
310,50.0,129,0.11127561417305204,1068.3040771484375
311,0.0,120,0.11066237839776669,2700.962890625
312,0.0,111,0.1100981445493014,1716.7489013671875
313,0.0,165,0.10926473077622163,1776.925048828125
314,0.0,144,0.10854254493068266,370.7415771484375
315,0.0,136,0.1078648639416739,346.711669921875
316,0.0,144,0.10715193052376068,335.367431640625
317,0.0,153,0.10639960115883744,3163.806640625
318,0.0,126,0.10578400367117927,1991.8751220703125
319,50.0,171,0.10495424286523226,2664.514892578125
320,0.0,101,0.10446721091845207,369.473388671875
321,100.0,164,0.10368119640610261,304.20751953125
322,50.0,184,0.10280636411166465,1032.5548095703125
323,0.0,147,0.10211275650329615,2045.674072265625
324,50.0,202,0.10116726284615338,2037.3453369140625
325,0.0,172,0.10036909309200974,2419.947265625
326,50.0,236,0.09928416782232784,2297.82763671875
327,0.0,145,0.09862340668282027,3036.59619140625
328,0.0,150,0.0979444879266532,1079.01171875
329,100.0,237,0.09688130942572007,593.936767578125
330,0.0,163,0.09615679955213745,335.9637451171875
331,50.0,179,0.09536741259755852,3544.754150390625
332,0.0,221,0.09440174016769591,3361.609375
333,0.0,92,0.09400262904006966,1542.224609375
334,0.0,163,0.09329964687265302,1118.5924072265625
335,0.0,177,0.0925422384104156,1931.917236328125
336,0.0,100,0.09211704544756429,2079.56640625
337,0.0,131,0.09156299713233386,360.879150390625
338,0.0,144,0.09095781099372958,2539.648193359375
339,0.0,135,0.09039408228527583,3827.18896484375
340,50.0,174,0.08967264913499472,913.481201171875
341,0.0,145,0.08907585507281215,6081.060546875
342,0.0,116,0.08860128080104857,438.4478759765625
343,100.0,120,0.08811300243451617,1423.599853515625
344,0.0,176,0.08740172416452464,749.0853271484375
345,0.0,106,0.0869761140103007,1555.0958251953125
346,0.0,150,0.08637737465291845,1829.8785400390625
347,50.0,94,0.0860042672405635,420.6878662109375
348,0.0,144,0.08543582155808346,5667.630859375
349,50.0,131,0.0849219582142843,2688.40673828125
350,50.0,161,0.08429464771677227,2086.3994140625
351,50.0,184,0.083583393577863,1089.042236328125
352,50.0,101,0.08319553138400208,1220.7947998046875
353,0.0,104,0.08279802927359615,1505.676513671875
354,50.0,130,0.08230382137150628,291.61572265625
355,0.0,120,0.0818502480699093,1486.7340087890625
356,100.0,147,0.08129802588698609,699.4808349609375
357,0.0,128,0.08082021473398814,2962.312744140625
358,50.0,165,0.08020842712958934,6029.4697265625
359,0.0,199,0.07947673180408445,328.4156494140625
360,0.0,168,0.078864217762379,848.860595703125
361,0.0,126,0.07840793208280984,1239.0623779296875
362,0.0,199,0.07769266163753848,2290.68212890625
363,50.0,117,0.07727517548850177,481.682861328125
364,0.0,192,0.07659492583728882,1237.0867919921875
365,50.0,147,0.076078159936829,342.9132080078125
366,0.0,186,0.07542928655886445,344.6156005859375
367,0.0,124,0.07499978182030026,1385.4844970703125
368,50.0,138,0.0745246594251514,3011.78369140625
369,50.0,193,0.07386522073703504,1744.3526611328125
370,0.0,180,0.07325546003300928,317.9232177734375
371,0.0,167,0.07269423992141198,3067.49853515625
372,0.0,111,0.07232359407640147,3397.259765625
373,0.0,102,0.07198466700780211,1426.14599609375
374,0.0,120,0.07158796218249745,2224.64892578125
375,0.0,107,0.07123607787355016,2127.3115234375
376,50.0,165,0.07069683964494025,1179.89404296875
377,50.0,148,0.0702166329171049,704.8931884765625
378,0.0,172,0.06966265141107689,2365.53271484375
379,0.0,172,0.06911304060037098,1943.5458984375
380,50.0,167,0.0685835561313486,647.803466796875
381,0.0,152,0.06810515724614884,815.8336181640625
382,0.0,234,0.0673751895470583,546.224853515625
383,0.0,143,0.06693295516268716,4800.3798828125
384,0.0,166,0.06642323145918302,2454.7890625
385,0.0,147,0.06597509131620054,1303.1497802734375
386,0.0,121,0.06560848358735114,1965.4425048828125
387,50.0,269,0.064800745165918,715.6807861328125
388,0.0,135,0.06439912995574386,2567.67626953125
389,0.0,133,0.06400589872353292,1897.2635498046875
390,50.0,240,0.0633023743687371,1144.25927734375
391,0.0,248,0.06258352197129646,4280.62890625
392,50.0,116,0.062250092341688636,2245.649169921875
393,0.0,127,0.061887081141903014,412.3497314453125
394,0.0,137,0.06149785950766322,2959.721435546875
395,0.0,219,0.06088075084939474,1236.52099609375
396,0.0,155,0.06044773050157295,1110.3038330078125
397,50.0,116,0.06012567984419676,1995.2213134765625
398,0.0,107,0.05983013737229312,2017.2845458984375
399,0.0,197,0.059289801998844364,704.2884521484375
400,0.0,190,0.05877328969572268,1571.0986328125
401,0.0,170,0.058314962408064545,4410.2412109375
402,0.0,158,0.05789219282918347,2619.51220703125
403,0.0,199,0.05736407566753032,1241.9534912109375
404,0.0,285,0.05661610655931016,1526.668212890625
405,0.0,123,0.056296319138423194,1287.97998046875
406,0.0,232,0.05569805119243824,295.4404296875
407,50.0,149,0.05531717589641693,1561.3555908203125
408,0.0,232,0.05472931342676125,2267.86865234375
409,0.0,166,0.05431252578811119,4739.525390625
410,0.0,118,0.054018186506191404,2271.791015625
411,0.0,109,0.05374771430326606,3845.121826171875
412,0.0,163,0.053345771452513506,1570.2493896484375
413,0.0,109,0.053078666070886925,2214.3173828125
414,0.0,142,0.05273269896979525,3879.81884765625
415,0.0,140,0.05239381231081177,6091.326171875
416,50.0,258,0.05177498717643722,1021.0128173828125
417,0.0,164,0.0513854305783468,4031.060546875
418,50.0,168,0.05098941155423916,1380.571533203125
419,0.0,169,0.050594114584593744,6842.9013671875
420,50.0,141,0.050266656618520075,1171.3062744140625
421,50.0,173,0.049867775998654454,4813.9033203125
422,50.0,147,0.04953133117693587,3846.89892578125
423,0.0,101,0.04930148491259101,939.0274658203125
424,0.0,181,0.04889224732443758,794.3277587890625
425,0.0,188,0.048470779049172734,1565.498291015625
426,50.0,155,0.04812602585033346,4248.68701171875
427,0.0,101,0.04790270079533041,1084.9698486328125
428,0.0,132,0.04761239193942341,343.9822998046875
429,0.0,144,0.04729769757019163,2224.02880859375
430,0.0,192,0.046881338214526544,2755.8701171875
431,0.0,143,0.04657362049405442,3051.802001953125
432,0.0,134,0.046287102981693994,4430.93359375
433,100.0,295,0.04566253309654807,4642.0830078125
434,0.0,194,0.04525639955465676,2215.85400390625
435,50.0,232,0.04477545419946105,1469.664306640625
436,0.0,94,0.04458204644748309,579.5374755859375
437,0.0,140,0.04429553995215108,2523.2138671875
438,50.0,166,0.04395821005810641,2563.8720703125
439,0.0,141,0.043673701352379406,3306.1142578125
440,0.0,197,0.043279277291754494,2106.4521484375
441,0.0,121,0.043038784747710425,1804.2547607421875
442,0.0,195,0.042654023118524356,926.7969970703125
443,50.0,199,0.04226491501047758,374.70458984375
444,0.0,116,0.042039737926902576,3294.45556640625
445,0.0,183,0.041686938347033554,1586.880615234375
446,0.0,102,0.04149158257146305,5162.8525390625
447,0.0,139,0.04122683546263657,380.55859375
448,0.0,111,0.04101663235323371,7650.11669921875
449,0.0,174,0.040689279527203234,2763.21484375
450,0.0,244,0.04023462889902315,1553.499267578125
451,0.0,115,0.04002211172497033,1942.207763671875
452,0.0,161,0.03972647215959051,603.106689453125
453,0.0,212,0.039340511295456224,3997.54345703125
454,0.0,152,0.03906609483459364,3806.50634765625
455,0.0,116,0.0388579602790329,6324.724609375
456,50.0,119,0.03864559515814262,374.244873046875
457,0.0,215,0.03826484865951097,1365.94140625
458,0.0,140,0.038018939632056145,1894.305419921875
459,0.0,90,0.03786169041033594,1359.997314453125
460,0.0,147,0.037606247503068284,2875.344970703125
461,50.0,194,0.03727176850113974,3724.426513671875
462,50.0,270,0.036811202106714194,772.297607421875
463,0.0,165,0.03653255106345686,396.94482421875
464,0.0,106,0.036354652688557025,3224.595703125
465,0.0,200,0.036021351229304055,407.67388916015625
466,50.0,157,0.035761851874310184,4008.921875
467,0.0,222,0.035398103927878996,409.830078125
468,0.0,169,0.035123679046568095,981.942626953125
469,0.0,166,0.03485619688145539,713.7548828125
470,50.0,156,0.034606685008265164,1435.59326171875
471,0.0,194,0.0342988848359487,3331.575927734375
472,0.0,149,0.03406434165830759,1647.97509765625
473,0.0,161,0.03381271157861521,1344.712890625
474,0.0,189,0.0335196905022163,333.556640625
475,0.0,115,0.03334264127632352,1782.62451171875
476,50.0,141,0.03312683922927685,1500.279052734375
477,0.0,169,0.032870022396877537,686.3681640625
478,0.0,161,0.03262721464094959,1610.6328125
479,0.0,90,0.03249226600327478,1401.8349609375
480,0.0,129,0.032299812405956266,1107.236572265625
481,0.0,149,0.032078939317074825,1490.101806640625
482,0.0,153,0.031853708395654566,868.080322265625
483,0.0,114,0.03168691800171364,1809.935546875
484,0.0,236,0.03134440282100076,2473.19384765625
485,0.0,150,0.031128629469706248,1928.533935546875
486,0.0,132,0.030939977960349505,447.642333984375
487,0.0,135,0.03074822143471831,248.23828125
488,0.0,192,0.03047754632108498,1393.5777587890625
489,0.0,220,0.03017032579917653,2305.25537109375
490,50.0,103,0.030027556996874965,313.876220703125
491,50.0,151,0.02981947547925599,3452.134765625
492,0.0,195,0.029552892906487528,4413.61669921875
493,0.0,111,0.02940221168366063,3144.5185546875
494,0.0,228,0.029095109767434686,413.564208984375
495,0.0,102,0.028958762557509853,2307.3642578125
496,0.0,129,0.028787238108352518,1593.93896484375
497,0.0,122,0.028625956039314032,1284.86865234375
498,0.0,103,0.02849049533909907,3082.43212890625
499,0.0,168,0.02827092379842024,3739.80224609375
500,0.0,135,0.028095709254605222,2570.885009765625
501,0.0,145,0.02790872523419657,329.047119140625
502,0.0,129,0.02774342021769345,2184.32080078125
503,0.0,121,0.02758925669819522,415.5059814453125
504,0.0,149,0.02740059540597824,4279.087890625
505,0.0,120,0.027249591742759323,2367.57958984375
506,0.0,133,0.02708320144298952,2120.50537109375
507,0.0,165,0.026878188786381353,683.4637451171875
508,0.0,204,0.026626862769241304,1193.7060546875
509,0.0,110,0.02649232047351529,3252.822021484375
510,0.0,148,0.02631237196957586,1974.0245361328125
511,0.0,176,0.026099969510270236,1599.0587158203125
512,0.0,121,0.025954938251437413,2082.663818359375
513,0.0,125,0.025805958825318588,3030.6328125
514,0.0,151,0.025627131654112355,575.745361328125
515,0.0,131,0.02547299439267325,3115.325927734375
516,0.0,130,0.025320950253106215,1837.6292724609375
517,50.0,149,0.025147800129956103,290.6619873046875
518,0.0,164,0.024958587307272063,245.8299560546875
519,0.0,107,0.024835905574489527,5981.02294921875
520,0.0,173,0.024638825400933147,3596.8642578125
521,0.0,150,0.02446921291990806,3664.6005859375
522,0.0,134,0.02431868010882619,1808.464111328125
523,0.0,196,0.02410016411488362,2845.39306640625
524,0.0,128,0.023958520734524296,3079.3134765625
525,0.0,167,0.023774971226074332,1755.1392822265625
526,0.0,119,0.023645037112128765,2336.12255859375
527,0.0,128,0.023506068639992293,771.3690185546875
528,0.0,103,0.02339483572560854,359.6468505859375
529,0.0,139,0.023245559300464774,374.3248291015625
530,0.0,115,0.023122777490193588,316.03955078125
531,0.0,118,0.022997466769992377,2799.556640625
532,0.0,177,0.02281077285929205,687.603271484375
533,0.0,238,0.022562124948105288,1662.0374755859375
534,0.0,138,0.02241919425437773,1635.4442138671875
535,0.0,124,0.022291536276868796,1318.4366455078125
536,0.0,132,0.022156440963128615,2489.298583984375
537,50.0,121,0.02203332294481549,1185.22021484375
538,50.0,114,0.02191795343844131,2951.737060546875
539,0.0,160,0.02175704950925796,2322.77978515625
540,50.0,200,0.021557579680386303,3317.775390625
541,0.0,158,0.021401292365659134,438.876220703125
542,0.0,130,0.02127355154990741,1511.3580322265625
543,0.0,119,0.021157288104419796,1103.4530029296875
544,50.0,203,0.02096042093194879,693.463623046875
545,0.0,100,0.020864116545630165,2765.412109375
546,0.0,175,0.020696647360042127,2113.19775390625
547,0.0,179,0.020526740879110633,1502.8258056640625
548,50.0,100,0.02043242907163777,840.6483154296875
549,50.0,153,0.020288970000838333,3062.3603515625
550,50.0,100,0.02019575065131709,2591.16357421875
551,0.0,166,0.020041951184492212,2095.58740234375
552,50.0,159,0.019895735561551137,482.2379150390625
553,0.0,164,0.01974603943443376,452.4339599609375
554,0.0,102,0.019653504386259988,937.7967529296875
555,50.0,193,0.0194795984435917,2349.361328125
556,0.0,172,0.019325912104126507,6262.4716796875
557,0.0,179,0.019167258499062773,377.37451171875
558,0.0,209,0.018983662316527646,409.0498046875
559,0.0,150,0.018852979704347326,2487.486328125
560,0.0,121,0.018748218226438504,6782.962890625
561,0.0,168,0.01860372880595052,354.84326171875
562,0.0,112,0.018508021699017368,3693.595947265625
563,50.0,201,0.018337494643873728,3594.30322265625
564,0.0,102,0.018251560400913688,2668.951171875
565,0.0,142,0.018132596607930065,1107.74658203125
566,0.0,135,0.018020216316946516,382.53076171875
567,0.0,111,0.017928336708448133,1481.366455078125
568,0.0,179,0.01778115631994868,386.914306640625
569,50.0,134,0.01767176794469161,1731.9747314453125
570,0.0,151,0.017549308155727604,804.9671630859375
571,0.0,163,0.017418068733916152,2793.8662109375
572,0.0,213,0.017248049901690325,1789.2237548828125
573,50.0,195,0.017093854382012923,8075.791015625
574,0.0,115,0.01700356555056744,2429.396240234375
575,0.0,150,0.016886513828645866,1595.00341796875
576,0.0,132,0.016784175037127667,2381.528564453125
577,100.0,154,0.016665563395883622,2718.71533203125
578,0.0,173,0.01653331727678704,1283.321044921875
579,0.0,145,0.01642328388673838,310.4852294921875
580,0.0,101,0.016347072923698497,755.5765380859375
581,0.0,139,0.016242766458962648,330.6702880859375
582,0.0,137,0.016140612083783163,2244.8837890625
583,0.0,110,0.016059055536059352,1730.6031494140625
584,0.0,150,0.015948505775343576,3580.18603515625
585,50.0,210,0.015795013447887304,500.1318359375
586,0.0,185,0.0156610184068046,2031.9774169921875
587,0.0,184,0.015528875210728849,1419.8585205078125
588,0.0,262,0.015342636648592818,1956.8101806640625
589,0.0,100,0.015272143636465374,2205.46630859375
590,0.0,129,0.015181685833943796,1335.319091796875
591,0.0,184,0.015053587109084138,2460.18408203125
592,0.0,127,0.014965802167536568,1762.08837890625
593,0.0,179,0.014842942327661627,1417.0574951171875
594,0.0,102,0.014773384460733856,7232.236328125
595,0.0,191,0.01464400943427483,2998.706787109375
596,0.0,127,0.014558612943531828,2926.583984375
597,0.0,226,0.014407877256886943,354.9400634765625
598,0.0,135,0.014318581637864786,520.3052978515625
599,0.0,118,0.014240984049164143,1340.554443359375
600,50.0,133,0.014154026357198464,288.998291015625
601,0.0,121,0.014075375833896911,2308.0947265625
602,0.0,189,0.013953398577858798,2563.7587890625
603,50.0,168,0.013845862040252812,1726.883056640625
604,0.0,149,0.013751181047105829,1667.0760498046875
605,0.0,168,0.013645202966601105,1101.2698974609375
606,50.0,150,0.013551270050092488,595.919921875
607,0.0,141,0.013463562786811916,958.1673583984375
608,0.0,127,0.013385050066641114,3773.031005859375
609,50.0,101,0.013322937789769406,1675.504638671875
610,0.0,150,0.013231223331133718,4798.5048828125
611,0.0,211,0.01310327935352944,2348.65087890625
612,0.0,117,0.013032868100757855,302.3853759765625
613,50.0,285,0.012862932777693068,9698.1123046875
614,0.0,198,0.012746178613519784,1352.8531494140625
615,50.0,152,0.012657268705908883,354.2890625
616,0.0,198,0.012542381311718523,256.1949462890625
617,0.0,131,0.012466943750722378,1756.947265625
618,0.0,155,0.012378271383120221,1458.034912109375
619,0.0,164,0.012285136888005511,2915.852783203125
620,0.0,163,0.012193264647359354,1433.0545654296875
621,0.0,114,0.012129419038279927,3575.935546875
622,0.0,164,0.01203815691587199,1663.8857421875
623,50.0,198,0.011928889070568709,2309.27197265625
624,0.0,199,0.011820068679946916,1758.2174072265625
625,0.0,148,0.01173978112350035,439.5218505859375
626,50.0,189,0.011638044139363554,428.257568359375
627,0.0,192,0.011535594996847132,365.546630859375
628,0.0,148,0.011457239721634118,1958.3948974609375
629,0.0,126,0.011390951428150704,1019.972412109375
630,0.0,120,0.011328176318058599,1991.7222900390625
631,0.0,122,0.011264709593389398,3710.30859375
632,0.0,117,0.01120417800483215,371.035400390625
633,100.0,151,0.011126536578219886,416.0062255859375
634,0.0,143,0.01105350469382844,2855.29150390625
635,0.0,165,0.010969832592991962,3216.811767578125
636,0.0,110,0.01091440336448757,1478.5794677734375
637,0.0,126,0.01085125576602584,4223.1435546875
638,0.0,146,0.010778541544628949,1182.826171875
639,0.0,173,0.01069301066547783,2589.82177734375
640,0.0,134,0.01062722804469344,2646.058837890625
641,0.0,213,0.010523495022992936,1100.762451171875
642,0.0,136,0.010457792007465109,8248.9189453125
643,0.0,171,0.01037576196867481,1990.04296875
644,50.0,267,0.010248964763361054,469.8343505859375
645,0.0,115,0.010194830275531119,4093.87255859375
646,0.0,129,0.010134445697847928,1861.89501953125
647,50.0,130,0.010073954848112519,2554.563720703125
648,0.0,149,0.010005066970480616,5284.70751953125
649,0.0,134,0.01,950.11669921875
650,0.0,152,0.01,2493.3271484375
651,50.0,160,0.01,2895.968994140625
652,0.0,125,0.01,2798.71923828125
653,0.0,134,0.01,1837.270263671875
654,0.0,163,0.01,3572.68408203125
655,0.0,125,0.01,2701.32470703125
656,0.0,224,0.01,334.9998779296875
657,0.0,101,0.01,1103.161376953125
658,0.0,123,0.01,336.7791748046875
659,0.0,118,0.01,1590.5672607421875
660,0.0,148,0.01,303.0881042480469
661,0.0,219,0.01,1639.0633544921875
662,0.0,189,0.01,4404.021484375
663,0.0,111,0.01,1871.234375
664,0.0,128,0.01,778.1171875
665,0.0,146,0.01,370.40771484375
666,0.0,224,0.01,348.82470703125
667,0.0,91,0.01,973.6861572265625
668,50.0,104,0.01,548.265380859375
669,50.0,163,0.01,270.7386474609375
670,0.0,152,0.01,388.4801025390625
671,0.0,144,0.01,2696.947509765625
672,0.0,128,0.01,795.1846923828125
673,50.0,247,0.01,1549.3017578125
674,0.0,207,0.01,4511.52197265625
675,0.0,178,0.01,1032.6405029296875
676,0.0,171,0.01,2046.4569091796875
677,0.0,228,0.01,961.61669921875
678,0.0,118,0.01,3095.690673828125
679,0.0,160,0.01,1245.716064453125
680,0.0,151,0.01,1937.8226318359375
681,0.0,116,0.01,1253.87451171875
682,0.0,157,0.01,329.84210205078125
683,0.0,243,0.01,2268.55126953125
684,0.0,146,0.01,3435.014404296875
685,0.0,148,0.01,4907.96923828125
686,0.0,171,0.01,8315.78515625
687,0.0,260,0.01,337.4691162109375
688,0.0,130,0.01,8806.630859375
689,0.0,136,0.01,756.3653564453125
690,0.0,166,0.01,2217.62548828125
691,50.0,189,0.01,1093.9755859375
692,50.0,185,0.01,764.2227783203125
693,0.0,134,0.01,1928.249755859375
694,0.0,131,0.01,588.3775634765625
695,0.0,145,0.01,2622.7431640625
696,50.0,234,0.01,719.5150146484375
697,50.0,205,0.01,266.3916015625
698,0.0,140,0.01,1545.1507568359375
699,0.0,127,0.01,1452.970947265625
700,0.0,151,0.01,3812.79052734375
701,50.0,166,0.01,205.600830078125
702,0.0,130,0.01,752.7540283203125
703,50.0,185,0.01,2227.977294921875
704,0.0,174,0.01,1054.7352294921875
705,0.0,194,0.01,818.4874267578125
706,0.0,140,0.01,2552.56201171875
707,50.0,194,0.01,1210.5504150390625
708,0.0,115,0.01,2469.19677734375
709,0.0,142,0.01,236.5338134765625
710,0.0,124,0.01,1764.599609375
711,0.0,134,0.01,2846.080078125
712,0.0,175,0.01,1343.1199951171875
713,0.0,135,0.01,748.2447509765625
714,0.0,137,0.01,1049.5950927734375
715,0.0,204,0.01,1519.358642578125
716,50.0,145,0.01,232.2725830078125
717,0.0,172,0.01,1487.3863525390625
718,0.0,139,0.01,154.43409729003906
719,0.0,126,0.01,245.774658203125
720,0.0,98,0.01,1249.7803955078125
721,50.0,233,0.01,2006.062744140625
722,0.0,120,0.01,959.3402099609375
723,0.0,201,0.01,1927.743896484375
724,0.0,127,0.01,219.52587890625
725,50.0,93,0.01,1750.2652587890625
726,0.0,148,0.01,955.1337890625
727,0.0,166,0.01,189.9156494140625
728,0.0,170,0.01,3916.33935546875
729,0.0,139,0.01,1147.766357421875
730,50.0,138,0.01,1524.0283203125
731,0.0,121,0.01,1098.158447265625
732,0.0,192,0.01,1195.7581787109375
733,0.0,101,0.01,2025.0533447265625
734,0.0,139,0.01,907.8409423828125
735,0.0,187,0.01,170.244140625
736,50.0,195,0.01,186.108154296875
737,50.0,212,0.01,482.06494140625
738,0.0,156,0.01,2397.40771484375
739,0.0,160,0.01,1788.539306640625
740,0.0,177,0.01,401.4031982421875
741,50.0,117,0.01,238.4586181640625
742,0.0,154,0.01,828.8995971679688
743,0.0,134,0.01,1081.6904296875
744,0.0,122,0.01,766.9056396484375
745,0.0,141,0.01,403.2967529296875
746,0.0,182,0.01,2003.8236083984375
747,50.0,118,0.01,243.377685546875
748,0.0,169,0.01,1331.7138671875
749,0.0,128,0.01,206.6795654296875
750,50.0,108,0.01,465.2315673828125
751,0.0,197,0.01,1631.003173828125
752,50.0,128,0.01,1975.4698486328125
753,0.0,131,0.01,1888.9190673828125
754,50.0,152,0.01,602.712890625
755,0.0,119,0.01,1319.24853515625
756,0.0,141,0.01,873.666259765625
757,0.0,147,0.01,203.892578125
758,50.0,120,0.01,515.3203125
759,50.0,211,0.01,549.025146484375
760,50.0,184,0.01,1241.056640625
761,50.0,111,0.01,1124.7750244140625
762,50.0,230,0.01,1068.2069091796875
763,0.0,110,0.01,534.9481811523438
764,0.0,143,0.01,192.31298828125
765,0.0,134,0.01,275.18121337890625
766,0.0,169,0.01,1157.068115234375
767,100.0,164,0.01,1304.1925048828125
768,0.0,182,0.01,278.8050537109375
769,0.0,127,0.01,1337.9710693359375
770,0.0,238,0.01,1822.0194091796875
771,0.0,207,0.01,264.89990234375
772,0.0,153,0.01,944.2855224609375
773,0.0,152,0.01,868.42236328125
774,0.0,212,0.01,1154.26513671875
775,0.0,278,0.01,490.4888916015625
776,0.0,129,0.01,932.2989501953125
777,0.0,255,0.01,566.2210693359375
778,0.0,119,0.01,342.19287109375
779,0.0,118,0.01,585.5396728515625
780,50.0,104,0.01,1514.6788330078125
781,0.0,138,0.01,999.62646484375
782,0.0,163,0.01,892.027099609375
783,0.0,92,0.01,1415.8028564453125
784,0.0,125,0.01,300.04248046875
785,0.0,167,0.01,4460.29248046875
786,50.0,121,0.01,1024.9044189453125
787,0.0,248,0.01,1364.3876953125
788,50.0,147,0.01,1526.3980712890625
789,0.0,155,0.01,962.0220947265625
790,0.0,117,0.01,1060.62890625
791,50.0,260,0.01,168.0684814453125
792,0.0,227,0.01,404.874755859375
793,0.0,186,0.01,2683.665771484375
794,0.0,152,0.01,2153.4814453125
795,0.0,142,0.01,1449.976806640625
796,50.0,150,0.01,2864.87353515625
797,50.0,153,0.01,239.3843994140625
798,50.0,191,0.01,2063.0029296875
799,0.0,114,0.01,2434.1103515625
800,0.0,129,0.01,282.8477783203125
801,50.0,105,0.01,988.9119873046875
802,50.0,147,0.01,310.265380859375
803,0.0,112,0.01,725.4603881835938
804,0.0,141,0.01,190.979736328125
805,0.0,188,0.01,164.9927978515625
806,0.0,109,0.01,852.9981689453125
807,0.0,126,0.01,172.6843719482422
808,0.0,114,0.01,875.413818359375
809,0.0,135,0.01,774.6822509765625
810,50.0,253,0.01,1474.717041015625
811,0.0,221,0.01,1663.0860595703125
812,0.0,159,0.01,379.1871337890625
813,0.0,137,0.01,1116.972900390625
814,0.0,110,0.01,233.7537841796875
815,0.0,197,0.01,1917.090576171875
816,0.0,123,0.01,195.585693359375
817,0.0,270,0.01,1074.5345458984375
818,0.0,178,0.01,3279.091552734375
819,0.0,151,0.01,2382.081298828125
820,0.0,220,0.01,607.6563720703125
821,0.0,118,0.01,755.088134765625
822,0.0,123,0.01,2868.92236328125
823,0.0,127,0.01,716.44921875
824,0.0,154,0.01,1186.04296875
825,100.0,104,0.01,600.209228515625
826,0.0,155,0.01,144.5960693359375
827,0.0,243,0.01,1250.519775390625
828,50.0,184,0.01,1854.3997802734375
829,0.0,112,0.01,1837.60791015625
830,0.0,277,0.01,1865.6181640625
831,0.0,140,0.01,854.2884521484375
832,0.0,102,0.01,724.5472412109375
833,50.0,228,0.01,914.9175415039062
834,0.0,169,0.01,512.9818115234375
835,0.0,188,0.01,213.0643310546875
836,50.0,259,0.01,187.0318603515625
837,50.0,205,0.01,122.3160400390625
838,0.0,101,0.01,757.4391479492188
839,0.0,119,0.01,3568.030517578125
840,0.0,113,0.01,1452.9068603515625
841,0.0,142,0.01,786.0387573242188
842,0.0,231,0.01,1161.0462646484375
843,50.0,111,0.01,582.7105102539062
844,0.0,175,0.01,1488.72021484375
845,50.0,178,0.01,911.2640380859375
846,50.0,249,0.01,578.313720703125
847,0.0,216,0.01,2480.591796875
848,50.0,154,0.01,1188.0689697265625
849,0.0,195,0.01,1179.39501953125
850,0.0,148,0.01,2410.8662109375
851,50.0,133,0.01,900.3709716796875
852,0.0,148,0.01,890.8076782226562
853,0.0,175,0.01,920.0787353515625
854,0.0,118,0.01,2022.584716796875
855,0.0,161,0.01,1049.71337890625
856,0.0,247,0.01,895.8641357421875
857,0.0,100,0.01,221.2044677734375
858,0.0,167,0.01,984.1060180664062
859,0.0,108,0.01,1507.92041015625
860,50.0,122,0.01,854.9326171875
861,0.0,181,0.01,520.4027709960938
862,0.0,211,0.01,2436.668212890625
863,0.0,169,0.01,429.3175048828125
864,50.0,167,0.01,1707.994140625
865,0.0,311,0.01,328.163818359375
866,50.0,166,0.01,528.7064819335938
867,0.0,142,0.01,904.4899291992188
868,0.0,189,0.01,210.18701171875
869,0.0,107,0.01,1764.2337646484375
870,0.0,181,0.01,603.9271240234375
871,0.0,248,0.01,754.8206787109375
872,0.0,118,0.01,211.4376220703125
873,50.0,156,0.01,1951.719970703125
874,0.0,120,0.01,889.52783203125
875,0.0,253,0.01,1084.093505859375
876,50.0,173,0.01,196.23779296875
877,50.0,120,0.01,1774.032470703125
878,50.0,178,0.01,1932.408447265625
879,50.0,185,0.01,454.7445068359375
880,0.0,196,0.01,5117.4326171875
881,0.0,139,0.01,815.88818359375
882,0.0,196,0.01,812.7071533203125
883,0.0,133,0.01,831.0234985351562
884,0.0,100,0.01,2517.64794921875
885,0.0,192,0.01,631.132080078125
886,0.0,120,0.01,382.39959716796875
887,0.0,127,0.01,1718.873291015625
888,0.0,119,0.01,1557.01416015625
889,0.0,142,0.01,518.6729125976562
890,0.0,142,0.01,161.8001708984375
891,0.0,220,0.01,1176.8973388671875
892,0.0,155,0.01,231.8238525390625
893,50.0,144,0.01,1284.857666015625
894,50.0,190,0.01,977.0432739257812
895,50.0,200,0.01,1645.1951904296875
896,0.0,145,0.01,111.061279296875
897,0.0,184,0.01,501.3310546875
898,0.0,271,0.01,2085.60107421875
899,50.0,151,0.01,556.8565673828125
900,0.0,95,0.01,355.883056640625
901,0.0,114,0.01,477.28271484375
902,0.0,146,0.01,534.4691772460938
903,0.0,184,0.01,2044.138427734375
904,50.0,259,0.01,118.2879638671875
905,50.0,175,0.01,976.16748046875
906,0.0,110,0.01,1684.701904296875
907,0.0,192,0.01,109.9765625
908,0.0,150,0.01,313.91436767578125
909,0.0,107,0.01,856.3712768554688
910,50.0,175,0.01,206.106689453125
911,0.0,120,0.01,119.22491455078125
912,0.0,128,0.01,1143.89306640625
913,0.0,157,0.01,123.05194091796875
914,50.0,213,0.01,1047.525146484375
915,0.0,129,0.01,875.9729614257812
916,0.0,167,0.01,1615.4342041015625
917,0.0,134,0.01,721.632568359375
918,0.0,106,0.01,385.4769287109375
919,0.0,130,0.01,587.5567016601562
920,0.0,204,0.01,879.4996337890625
921,0.0,197,0.01,3033.39453125
922,0.0,179,0.01,395.49310302734375
923,0.0,133,0.01,871.276611328125
924,0.0,131,0.01,782.5745239257812
925,0.0,193,0.01,1268.9327392578125
926,0.0,202,0.01,846.3668823242188
927,0.0,134,0.01,1402.09765625
928,50.0,120,0.01,726.3876953125
929,0.0,262,0.01,1976.5594482421875
930,50.0,120,0.01,681.6015014648438
931,0.0,107,0.01,2982.9853515625
932,0.0,178,0.01,1254.8876953125
933,0.0,200,0.01,189.484130859375
934,0.0,163,0.01,915.17041015625
935,0.0,150,0.01,462.49896240234375
936,0.0,183,0.01,401.29290771484375
937,0.0,147,0.01,1496.454833984375
938,0.0,140,0.01,122.17803955078125
939,0.0,215,0.01,408.57568359375
940,50.0,134,0.01,1719.359619140625
941,0.0,143,0.01,786.4337768554688
942,0.0,117,0.01,1042.501220703125
943,50.0,190,0.01,1368.71826171875
944,50.0,211,0.01,1522.34619140625
945,50.0,164,0.01,121.664794921875
946,50.0,116,0.01,1011.7981567382812
947,0.0,168,0.01,130.58258056640625
948,0.0,157,0.01,477.39996337890625
949,0.0,103,0.01,960.4571533203125
950,0.0,171,0.01,413.239990234375
951,0.0,192,0.01,1548.62109375
952,0.0,180,0.01,1007.759765625
953,0.0,139,0.01,546.3456420898438
954,50.0,168,0.01,128.075439453125
955,0.0,158,0.01,432.8953857421875
956,50.0,136,0.01,299.08978271484375
957,50.0,248,0.01,612.6060791015625
958,0.0,161,0.01,408.41033935546875
959,50.0,173,0.01,2455.58642578125
960,50.0,236,0.01,1445.07861328125
961,0.0,112,0.01,771.6367797851562
962,0.0,99,0.01,883.7012329101562
963,0.0,129,0.01,933.1790161132812
964,50.0,189,0.01,2470.00537109375
965,0.0,149,0.01,295.2869873046875
966,0.0,182,0.01,870.7969970703125
967,0.0,204,0.01,2467.253173828125
968,0.0,133,0.01,360.41400146484375
969,0.0,153,0.01,335.8877868652344
970,0.0,141,0.01,372.03778076171875
971,50.0,209,0.01,109.31890869140625
972,0.0,129,0.01,87.1851806640625
973,0.0,173,0.01,557.9423828125
974,0.0,160,0.01,837.6859741210938
975,0.0,129,0.01,975.0885620117188
976,50.0,146,0.01,93.1251220703125
977,0.0,153,0.01,532.1809692382812
978,50.0,130,0.01,951.716796875
979,0.0,105,0.01,283.30218505859375
980,50.0,214,0.01,476.344970703125
981,50.0,116,0.01,437.77960205078125
982,0.0,164,0.01,450.4698486328125
983,0.0,148,0.01,1006.5391235351562
984,0.0,147,0.01,431.2662353515625
985,0.0,220,0.01,870.394287109375
986,0.0,130,0.01,309.1583251953125
987,0.0,197,0.01,668.1158447265625
988,50.0,157,0.01,130.02964782714844
989,0.0,126,0.01,190.01263427734375
990,50.0,132,0.01,1067.0849609375
991,0.0,184,0.01,550.8465576171875
992,50.0,128,0.01,424.0834655761719
993,0.0,146,0.01,151.77642822265625
994,0.0,223,0.01,124.992919921875
995,0.0,113,0.01,380.71539306640625
996,0.0,172,0.01,285.024658203125
997,50.0,238,0.01,236.7784423828125
998,0.0,200,0.01,743.382568359375
999,0.0,153,0.01,782.6627197265625
1000,50.0,177,0.01,634.89501953125
1001,0.0,218,0.01,97.85150146484375
1002,50.0,153,0.01,725.2838134765625
1003,50.0,136,0.01,1695.9620361328125
1004,0.0,100,0.01,2849.875
1005,0.0,179,0.01,1234.926513671875
1006,0.0,144,0.01,802.094482421875
1007,0.0,123,0.01,653.22216796875
1008,0.0,174,0.01,250.44793701171875
1009,0.0,141,0.01,860.378173828125
1010,0.0,169,0.01,1345.715576171875
1011,0.0,181,0.01,1359.2303466796875
1012,0.0,195,0.01,840.518798828125
1013,0.0,112,0.01,851.3912353515625
1014,0.0,136,0.01,499.8134765625
1015,0.0,184,0.01,662.0387573242188
1016,0.0,117,0.01,459.69384765625
1017,0.0,200,0.01,796.4802856445312
1018,0.0,144,0.01,989.1500854492188
1019,0.0,153,0.01,105.19451141357422
1020,0.0,154,0.01,1131.611328125
1021,50.0,120,0.01,475.51678466796875
1022,0.0,195,0.01,131.6845703125
1023,0.0,187,0.01,765.4180297851562
1024,50.0,132,0.01,488.23651123046875
1025,0.0,158,0.01,576.5999145507812
1026,0.0,134,0.01,738.7175903320312
1027,50.0,127,0.01,147.12646484375
1028,0.0,166,0.01,428.07647705078125
1029,0.0,164,0.01,2234.962890625
1030,0.0,217,0.01,98.63568115234375
1031,0.0,254,0.01,852.7471923828125
1032,50.0,162,0.01,299.05963134765625
1033,0.0,269,0.01,316.33843994140625
1034,0.0,210,0.01,839.1531372070312
1035,0.0,124,0.01,1419.171630859375
1036,0.0,102,0.01,466.73822021484375
1037,50.0,229,0.01,349.751708984375
1038,0.0,126,0.01,881.1005249023438
1039,0.0,171,0.01,1781.717041015625
1040,0.0,156,0.01,364.5941162109375
1041,0.0,101,0.01,1181.992919921875
1042,0.0,147,0.01,302.3634033203125
1043,50.0,177,0.01,384.832763671875
1044,50.0,158,0.01,274.09710693359375
1045,0.0,127,0.01,132.46002197265625
1046,0.0,150,0.01,813.3773803710938
1047,0.0,166,0.01,97.83587646484375
1048,0.0,183,0.01,702.8424072265625
1049,0.0,132,0.01,180.39007568359375
1050,0.0,166,0.01,470.24432373046875
1051,50.0,211,0.01,626.868896484375
1052,0.0,155,0.01,1525.840576171875
1053,0.0,127,0.01,1634.211669921875
1054,0.0,119,0.01,706.7088623046875
1055,0.0,135,0.01,409.08349609375
1056,0.0,158,0.01,804.119140625
1057,0.0,126,0.01,643.2932739257812
1058,0.0,206,0.01,566.1141967773438
1059,0.0,201,0.01,974.3490600585938
1060,0.0,179,0.01,665.8396606445312
1061,0.0,133,0.01,778.6991577148438
1062,0.0,296,0.01,1217.826171875
1063,0.0,135,0.01,104.37353515625
1064,0.0,205,0.01,616.514404296875
1065,0.0,215,0.01,934.7299194335938
1066,0.0,116,0.01,692.4149780273438
1067,50.0,127,0.01,1583.9801025390625
1068,0.0,157,0.01,486.48101806640625
1069,0.0,129,0.01,764.9033203125
1070,0.0,128,0.01,998.9008178710938
1071,0.0,190,0.01,405.70904541015625
1072,50.0,185,0.01,190.08758544921875
1073,0.0,95,0.01,473.89501953125
1074,0.0,149,0.01,647.064697265625
1075,0.0,133,0.01,237.65179443359375
1076,50.0,182,0.01,169.06642150878906
1077,50.0,260,0.01,538.7116088867188
1078,0.0,152,0.01,827.5869140625
1079,0.0,126,0.01,1789.911865234375
1080,0.0,146,0.01,863.86669921875
1081,50.0,204,0.01,637.4539184570312
1082,0.0,232,0.01,367.91949462890625
1083,0.0,138,0.01,729.4628295898438
1084,0.0,161,0.01,119.78170013427734
1085,50.0,157,0.01,355.021728515625
1086,0.0,187,0.01,1246.4554443359375
1087,0.0,128,0.01,837.4454345703125
1088,0.0,107,0.01,249.42138671875
1089,0.0,134,0.01,165.683349609375
1090,50.0,210,0.01,885.9220581054688
1091,0.0,174,0.01,1151.4478759765625
1092,0.0,151,0.01,1735.4722900390625
1093,50.0,174,0.01,277.52484130859375
1094,0.0,139,0.01,1221.7274169921875
1095,0.0,131,0.01,620.7741088867188
1096,0.0,102,0.01,1121.277587890625
1097,0.0,131,0.01,712.7235107421875
1098,0.0,117,0.01,1816.14599609375
1099,0.0,141,0.01,1132.532470703125
1100,100.0,312,0.01,972.75146484375
1101,0.0,159,0.01,124.7939453125
1102,0.0,122,0.01,1618.1722412109375
1103,0.0,201,0.01,1242.830810546875
1104,50.0,174,0.01,2399.0
1105,0.0,153,0.01,1441.187255859375
1106,0.0,170,0.01,581.5904541015625
1107,0.0,229,0.01,1174.002685546875
1108,0.0,220,0.01,778.931640625
1109,0.0,137,0.01,574.2797241210938
1110,0.0,105,0.01,1931.022705078125
1111,0.0,137,0.01,1134.660400390625
1112,50.0,196,0.01,1817.425537109375
1113,0.0,94,0.01,303.228759765625
1114,100.0,153,0.01,2408.092529296875
1115,0.0,150,0.01,2087.711181640625
1116,0.0,164,0.01,166.21240234375
1117,0.0,146,0.01,181.90045166015625
1118,0.0,242,0.01,2278.380126953125
1119,0.0,173,0.01,155.5941162109375
1120,0.0,150,0.01,1098.37890625
1121,50.0,175,0.01,198.583251953125
1122,0.0,192,0.01,649.83740234375
1123,0.0,180,0.01,1227.1611328125
1124,0.0,161,0.01,2077.53857421875
1125,100.0,209,0.01,1098.381591796875
1126,0.0,123,0.01,1347.95166015625
1127,0.0,113,0.01,749.7310791015625
1128,0.0,150,0.01,1200.516357421875
1129,50.0,166,0.01,203.5968017578125
1130,0.0,121,0.01,2194.48583984375
1131,0.0,122,0.01,652.7476806640625
1132,0.0,135,0.01,1515.8111572265625
1133,0.0,177,0.01,218.04034423828125
1134,0.0,156,0.01,1053.609619140625
1135,0.0,104,0.01,1109.2415771484375
1136,0.0,122,0.01,205.0726318359375
1137,50.0,185,0.01,204.98338317871094
1138,0.0,245,0.01,463.4013671875
1139,0.0,117,0.01,380.1544189453125
1140,0.0,117,0.01,243.9700927734375
1141,0.0,199,0.01,228.5174560546875
1142,50.0,201,0.01,969.9004516601562
1143,50.0,184,0.01,704.3997192382812
1144,0.0,250,0.01,709.7684326171875
1145,0.0,157,0.01,392.3628234863281
1146,0.0,135,0.01,809.7407836914062
1147,50.0,179,0.01,182.78851318359375
1148,50.0,120,0.01,150.040283203125
1149,50.0,196,0.01,1291.03369140625
1150,0.0,122,0.01,1410.776611328125
1151,50.0,130,0.01,560.9146728515625
1152,0.0,128,0.01,1197.21875
1153,100.0,152,0.01,1386.743408203125
1154,0.0,147,0.01,184.60353088378906
1155,0.0,153,0.01,217.45361328125
1156,0.0,194,0.01,220.94805908203125
1157,50.0,115,0.01,355.18426513671875
1158,100.0,151,0.01,342.31951904296875
1159,0.0,117,0.01,1205.1651611328125
1160,0.0,109,0.01,2612.256591796875
1161,0.0,184,0.01,7382.177734375
1162,50.0,186,0.01,1962.3145751953125
1163,0.0,134,0.01,1167.596923828125
1164,0.0,152,0.01,1525.632568359375
1165,0.0,233,0.01,1428.1861572265625
1166,0.0,187,0.01,2369.633544921875
1167,0.0,193,0.01,864.8306884765625
1168,0.0,149,0.01,715.7354736328125
1169,0.0,232,0.01,4499.7783203125
1170,0.0,127,0.01,164.48724365234375
1171,0.0,170,0.01,196.375732421875
1172,0.0,169,0.01,1734.271728515625
1173,0.0,135,0.01,3133.67431640625
1174,0.0,152,0.01,625.1266479492188
1175,0.0,186,0.01,1734.02734375
1176,0.0,152,0.01,1111.658203125
1177,0.0,139,0.01,589.4102172851562
1178,0.0,198,0.01,626.9080810546875
1179,0.0,204,0.01,814.792724609375
1180,50.0,148,0.01,462.6654052734375
1181,0.0,187,0.01,196.92938232421875
1182,0.0,168,0.01,651.9454345703125
1183,0.0,134,0.01,1650.081787109375
1184,0.0,164,0.01,1247.837890625
1185,0.0,136,0.01,899.5009765625
1186,0.0,164,0.01,1976.322998046875
1187,0.0,177,0.01,313.7741394042969
1188,0.0,180,0.01,1935.233154296875
1189,0.0,139,0.01,3357.1796875
1190,0.0,155,0.01,391.6529541015625
1191,100.0,294,0.01,437.2664794921875
1192,0.0,173,0.01,793.6054077148438
1193,50.0,171,0.01,252.9166259765625
1194,50.0,117,0.01,119.96882629394531
1195,50.0,175,0.01,882.357666015625
1196,0.0,148,0.01,550.8701782226562
1197,0.0,122,0.01,1470.2646484375
1198,0.0,184,0.01,206.6458740234375
1199,50.0,186,0.01,697.0267944335938
1200,50.0,147,0.01,722.4656372070312
1201,0.0,102,0.01,1069.34619140625
1202,0.0,204,0.01,3368.3857421875
1203,0.0,176,0.01,1227.5771484375
1204,0.0,238,0.01,1919.48681640625
1205,0.0,113,0.01,541.2160034179688
1206,0.0,153,0.01,290.5933837890625
1207,50.0,163,0.01,2254.34423828125
1208,0.0,144,0.01,1764.5001220703125
1209,0.0,115,0.01,1134.5908203125
1210,0.0,149,0.01,567.1370239257812
1211,0.0,169,0.01,889.3207397460938
1212,0.0,181,0.01,707.299072265625
1213,0.0,132,0.01,178.87847900390625
1214,0.0,183,0.01,370.7921142578125
1215,0.0,122,0.01,359.9112548828125
1216,0.0,144,0.01,2085.70849609375
1217,0.0,146,0.01,1442.7310791015625
1218,0.0,114,0.01,855.8433227539062
1219,0.0,142,0.01,542.8723754882812
1220,0.0,174,0.01,622.5111694335938
1221,0.0,117,0.01,152.3739013671875
1222,50.0,120,0.01,1934.4560546875
1223,0.0,136,0.01,1029.714599609375
1224,0.0,115,0.01,792.43359375
1225,50.0,120,0.01,1955.8238525390625
1226,0.0,217,0.01,1485.8564453125
1227,50.0,146,0.01,611.0528564453125
1228,50.0,191,0.01,1122.6234130859375
1229,0.0,157,0.01,2749.806396484375
1230,50.0,130,0.01,357.20660400390625
1231,0.0,152,0.01,797.8911743164062
1232,0.0,129,0.01,1207.88427734375
1233,50.0,204,0.01,732.0482177734375
1234,100.0,135,0.01,699.2314453125
1235,0.0,148,0.01,1470.3616943359375
1236,50.0,104,0.01,209.89300537109375
1237,0.0,138,0.01,800.06591796875
1238,50.0,119,0.01,1332.287841796875
1239,0.0,137,0.01,168.85601806640625
1240,0.0,261,0.01,2348.9794921875
1241,0.0,167,0.01,429.8936767578125
1242,0.0,147,0.01,1724.510986328125
1243,50.0,109,0.01,868.5432739257812
1244,0.0,171,0.01,2125.8818359375
1245,0.0,199,0.01,1585.3865966796875
1246,0.0,144,0.01,1249.5186767578125
1247,0.0,151,0.01,202.88006591796875
1248,0.0,177,0.01,1303.409423828125
1249,100.0,246,0.01,2403.1953125
1250,0.0,98,0.01,1196.3646240234375
1251,0.0,139,0.01,1125.4381103515625
1252,0.0,153,0.01,2191.3583984375
1253,0.0,245,0.01,742.9984130859375
1254,0.0,198,0.01,746.5458984375
1255,0.0,103,0.01,1730.843505859375
1256,0.0,234,0.01,1418.82080078125
1257,0.0,139,0.01,1651.196533203125
1258,0.0,191,0.01,1202.060302734375
1259,0.0,135,0.01,1683.9189453125
1260,0.0,127,0.01,925.154296875
1261,0.0,89,0.01,1967.955078125
1262,0.0,132,0.01,303.694091796875
1263,0.0,112,0.01,1642.951171875
1264,50.0,137,0.01,1113.4697265625
1265,0.0,140,0.01,1981.8447265625
1266,0.0,165,0.01,1099.7705078125
1267,0.0,191,0.01,1017.290283203125
1268,0.0,176,0.01,492.4991455078125
1269,0.0,114,0.01,1064.553466796875
1270,50.0,116,0.01,2265.65966796875
1271,50.0,112,0.01,914.3572387695312
1272,0.0,155,0.01,1198.413818359375
1273,0.0,195,0.01,2365.960693359375
1274,0.0,131,0.01,215.10198974609375
1275,50.0,131,0.01,1212.65087890625
1276,50.0,160,0.01,214.72393798828125
1277,0.0,120,0.01,184.2738037109375
1278,50.0,232,0.01,1030.13134765625
1279,50.0,201,0.01,933.615234375
1280,50.0,137,0.01,654.036376953125
1281,0.0,191,0.01,1278.0782470703125
1282,0.0,116,0.01,2214.965576171875
1283,0.0,208,0.01,1206.7762451171875
1284,0.0,124,0.01,1284.538818359375
1285,0.0,149,0.01,1273.03857421875
1286,100.0,242,0.01,2224.98486328125
1287,0.0,184,0.01,184.892822265625
1288,0.0,101,0.01,296.1524658203125
1289,0.0,206,0.01,1272.337646484375
1290,0.0,124,0.01,1111.502197265625
1291,50.0,132,0.01,2033.934326171875
1292,0.0,188,0.01,345.97332763671875
1293,50.0,176,0.01,1778.468017578125
1294,0.0,178,0.01,2202.219970703125
1295,0.0,147,0.01,875.0125732421875
1296,50.0,224,0.01,1620.777099609375
1297,0.0,246,0.01,1534.2509765625
1298,50.0,184,0.01,2868.298828125
1299,0.0,142,0.01,3375.1015625
1300,50.0,164,0.01,1393.4315185546875
1301,0.0,215,0.01,1424.9244384765625
1302,50.0,136,0.01,2250.900390625
1303,0.0,150,0.01,227.37646484375
1304,50.0,231,0.01,212.5662841796875
1305,0.0,121,0.01,436.8316650390625
1306,0.0,163,0.01,881.376953125
1307,0.0,175,0.01,3707.8642578125
1308,0.0,200,0.01,544.165771484375
1309,0.0,197,0.01,180.580810546875
1310,0.0,192,0.01,2053.8720703125
1311,0.0,183,0.01,1523.367431640625
1312,0.0,110,0.01,596.1741943359375
1313,0.0,173,0.01,2946.2626953125
1314,0.0,259,0.01,544.2332763671875
1315,0.0,201,0.01,575.1473388671875
1316,50.0,139,0.01,215.24462890625
1317,0.0,180,0.01,870.2392578125
1318,0.0,149,0.01,1177.41455078125
1319,0.0,170,0.01,2730.851318359375
1320,0.0,107,0.01,1349.5548095703125
1321,0.0,195,0.01,591.72900390625
1322,0.0,112,0.01,2116.0751953125
1323,0.0,116,0.01,1637.2408447265625
1324,0.0,204,0.01,1096.6368408203125
1325,0.0,121,0.01,688.0584716796875
1326,50.0,158,0.01,1760.9586181640625
1327,0.0,180,0.01,2687.833740234375
1328,0.0,182,0.01,1381.841064453125
1329,0.0,112,0.01,329.0716552734375
1330,0.0,232,0.01,1550.455810546875
1331,0.0,145,0.01,255.8726806640625
1332,0.0,143,0.01,1297.328857421875
1333,0.0,164,0.01,214.5045166015625
1334,0.0,153,0.01,190.325927734375
1335,0.0,168,0.01,1129.6956787109375
1336,0.0,158,0.01,1821.9822998046875
1337,0.0,224,0.01,1686.1224365234375
1338,0.0,115,0.01,614.272216796875
1339,0.0,148,0.01,565.7423095703125
1340,0.0,143,0.01,2474.95361328125
1341,0.0,116,0.01,926.2890625
1342,0.0,117,0.01,1278.9754638671875
1343,0.0,302,0.01,2597.881591796875
1344,50.0,198,0.01,182.8104248046875
1345,0.0,178,0.01,290.07470703125
1346,0.0,216,0.01,1179.061767578125
1347,0.0,163,0.01,1637.8204345703125
1348,0.0,212,0.01,824.1588134765625
1349,0.0,211,0.01,2871.71923828125
1350,0.0,117,0.01,1319.9346923828125
1351,0.0,122,0.01,2001.65576171875
1352,0.0,163,0.01,3450.035888671875
1353,0.0,197,0.01,1817.5841064453125
1354,0.0,200,0.01,1328.562255859375
1355,0.0,164,0.01,894.4664306640625
1356,0.0,150,0.01,1115.389892578125
1357,0.0,165,0.01,697.5765380859375
1358,50.0,214,0.01,1310.6943359375
1359,100.0,169,0.01,426.00146484375
1360,50.0,146,0.01,317.111572265625
1361,0.0,183,0.01,875.79638671875
1362,0.0,218,0.01,423.98681640625
1363,50.0,193,0.01,880.80224609375
1364,0.0,118,0.01,2871.61865234375
1365,50.0,238,0.01,183.1248779296875
1366,50.0,218,0.01,221.617919921875
1367,0.0,166,0.01,1129.77294921875
1368,0.0,174,0.01,190.0123291015625
1369,0.0,173,0.01,1337.9822998046875
1370,0.0,125,0.01,1210.6185302734375
1371,0.0,148,0.01,426.510009765625
1372,0.0,117,0.01,1856.8487548828125
1373,0.0,119,0.01,417.92236328125
1374,0.0,92,0.01,391.748046875
1375,0.0,91,0.01,1502.613037109375
1376,0.0,175,0.01,309.8287353515625
1377,0.0,155,0.01,2177.77099609375
1378,0.0,208,0.01,270.4033203125
1379,0.0,216,0.01,256.42578125
1380,0.0,122,0.01,1212.4151611328125
1381,50.0,208,0.01,200.98193359375
1382,0.0,132,0.01,1440.14794921875
1383,0.0,159,0.01,2138.72998046875
1384,0.0,132,0.01,1223.5574951171875
1385,50.0,226,0.01,1193.604736328125
1386,50.0,159,0.01,3993.768310546875
1387,0.0,189,0.01,1174.763427734375
1388,50.0,109,0.01,2232.758544921875
1389,50.0,196,0.01,2162.852783203125
1390,0.0,153,0.01,1239.18408203125
1391,0.0,180,0.01,276.375244140625
1392,0.0,147,0.01,1699.299072265625
1393,0.0,216,0.01,1368.24365234375
1394,0.0,140,0.01,252.0660400390625
1395,0.0,212,0.01,1108.232177734375
1396,0.0,229,0.01,424.997802734375
1397,0.0,166,0.01,3382.671875
1398,0.0,111,0.01,915.2215576171875
1399,0.0,103,0.01,249.72787475585938
1400,0.0,91,0.01,244.1710205078125
1401,0.0,204,0.01,899.3511962890625
1402,0.0,144,0.01,1649.342041015625
1403,0.0,128,0.01,1141.2451171875
1404,50.0,168,0.01,2025.9263916015625
1405,0.0,115,0.01,277.6016845703125
1406,50.0,123,0.01,1611.3492431640625
1407,50.0,207,0.01,1599.5216064453125
1408,0.0,129,0.01,2891.48046875
1409,0.0,91,0.01,2976.14111328125
1410,0.0,101,0.01,3545.16845703125
1411,0.0,133,0.01,242.8377685546875
1412,0.0,138,0.01,1222.9317626953125
1413,0.0,160,0.01,257.1865234375
1414,0.0,125,0.01,235.877685546875
1415,0.0,131,0.01,1683.4136962890625
1416,0.0,133,0.01,3239.945068359375
1417,0.0,147,0.01,1019.2724609375
1418,100.0,194,0.01,1683.0992431640625
1419,0.0,185,0.01,1565.2918701171875
1420,0.0,97,0.01,229.858642578125
1421,0.0,148,0.01,1726.4114990234375
1422,0.0,131,0.01,867.6400146484375
1423,0.0,126,0.01,1327.9930419921875
1424,0.0,170,0.01,883.1998291015625
1425,0.0,109,0.01,3476.00927734375
1426,0.0,161,0.01,1740.02587890625
1427,0.0,215,0.01,603.405029296875
1428,0.0,290,0.01,822.152587890625
1429,100.0,291,0.01,1162.927001953125
1430,0.0,144,0.01,1552.616455078125
1431,50.0,184,0.01,3003.65966796875
1432,0.0,191,0.01,573.4747314453125
1433,0.0,102,0.01,258.17138671875
1434,0.0,137,0.01,1932.0570068359375
1435,0.0,253,0.01,904.30517578125
1436,0.0,179,0.01,227.584716796875
1437,0.0,184,0.01,3363.7275390625
1438,0.0,119,0.01,236.2794189453125
1439,0.0,184,0.01,1252.4368896484375
1440,0.0,170,0.01,3061.6884765625
1441,50.0,195,0.01,678.20263671875
1442,0.0,212,0.01,2770.43359375
1443,0.0,90,0.01,249.9356689453125
1444,0.0,114,0.01,251.96044921875
1445,0.0,165,0.01,2469.1103515625
1446,50.0,146,0.01,231.35107421875
1447,0.0,134,0.01,1819.9923095703125
1448,0.0,150,0.01,1312.2752685546875
1449,50.0,230,0.01,2767.97412109375
1450,0.0,108,0.01,263.736572265625
1451,0.0,97,0.01,576.85107421875
1452,0.0,94,0.01,220.235595703125
1453,0.0,121,0.01,742.409423828125
1454,0.0,172,0.01,2292.29296875
1455,0.0,151,0.01,600.4791259765625
1456,0.0,171,0.01,393.0268859863281
1457,0.0,185,0.01,221.057373046875
1458,0.0,118,0.01,1182.5125732421875
1459,50.0,150,0.01,924.3773193359375
1460,0.0,149,0.01,206.804931640625
1461,100.0,152,0.01,416.8004150390625
1462,0.0,159,0.01,625.2433471679688
1463,50.0,197,0.01,3023.9462890625
1464,0.0,127,0.01,206.481201171875
1465,50.0,216,0.01,1268.419921875
1466,0.0,121,0.01,2704.66748046875
1467,0.0,109,0.01,1260.364990234375
1468,0.0,190,0.01,607.1700439453125
1469,50.0,107,0.01,417.58612060546875
1470,0.0,158,0.01,737.02734375
1471,50.0,103,0.01,1380.0489501953125
1472,0.0,176,0.01,750.8677978515625
1473,0.0,94,0.01,612.8541870117188
1474,0.0,135,0.01,467.6142578125
1475,50.0,175,0.01,221.1739501953125
1476,0.0,182,0.01,1434.751220703125
1477,0.0,159,0.01,890.810302734375
1478,50.0,176,0.01,1694.96435546875
1479,50.0,183,0.01,551.518310546875
1480,100.0,157,0.01,2879.941162109375
1481,0.0,155,0.01,3485.958984375
1482,50.0,181,0.01,1532.6767578125
1483,0.0,213,0.01,610.5518798828125
1484,0.0,135,0.01,1025.757080078125
1485,0.0,117,0.01,452.8970947265625
1486,0.0,155,0.01,2275.467529296875
1487,50.0,148,0.01,2073.1494140625
1488,0.0,164,0.01,251.0743408203125
1489,0.0,118,0.01,150.3404541015625
1490,0.0,167,0.01,607.674072265625
1491,50.0,129,0.01,1134.515625
1492,0.0,164,0.01,608.4992065429688
1493,0.0,131,0.01,5562.19482421875
1494,0.0,116,0.01,1384.0244140625
1495,0.0,125,0.01,2829.02392578125
1496,0.0,134,0.01,712.8954467773438
1497,0.0,116,0.01,1924.76025390625
1498,0.0,208,0.01,911.08056640625
1499,0.0,180,0.01,2701.501953125
1500,0.0,153,0.01,1611.87744140625
1501,0.0,122,0.01,3448.87255859375
1502,0.0,168,0.01,1196.6229248046875
1503,0.0,179,0.01,1202.21826171875
1504,0.0,179,0.01,223.9365234375
1505,50.0,146,0.01,4685.39697265625
1506,0.0,133,0.01,2128.2236328125
1507,0.0,90,0.01,2226.3564453125
1508,0.0,144,0.01,274.170654296875
1509,0.0,171,0.01,207.7186279296875
1510,0.0,125,0.01,1075.1346435546875
1511,0.0,161,0.01,1412.299072265625
1512,0.0,123,0.01,953.2762451171875
1513,100.0,193,0.01,497.933837890625
1514,0.0,198,0.01,212.5565185546875
1515,0.0,227,0.01,675.5247802734375
1516,0.0,131,0.01,1215.2335205078125
1517,0.0,103,0.01,633.2159423828125
1518,0.0,137,0.01,669.829833984375
1519,50.0,258,0.01,2122.64501953125
1520,50.0,164,0.01,2277.4404296875
1521,0.0,159,0.01,1226.928955078125
1522,0.0,232,0.01,237.7193603515625
1523,0.0,128,0.01,2028.96826171875
1524,0.0,152,0.01,986.7232666015625
1525,0.0,149,0.01,892.2288818359375
1526,50.0,187,0.01,289.32366943359375
1527,0.0,240,0.01,1362.5836181640625
1528,0.0,162,0.01,1185.08154296875
1529,0.0,212,0.01,1194.4189453125
1530,50.0,178,0.01,542.6682739257812
1531,50.0,184,0.01,202.79071044921875
1532,50.0,144,0.01,4868.869140625
1533,0.0,129,0.01,1590.396484375
1534,50.0,117,0.01,2008.164306640625
1535,0.0,161,0.01,1491.42529296875
1536,0.0,143,0.01,710.7308349609375
1537,0.0,152,0.01,1007.392333984375
1538,0.0,155,0.01,1910.247314453125
1539,0.0,110,0.01,1542.8583984375
1540,0.0,146,0.01,688.9202880859375
1541,0.0,122,0.01,827.2298583984375
1542,0.0,146,0.01,878.3829345703125
1543,0.0,143,0.01,1343.4677734375
1544,0.0,178,0.01,2673.556640625
1545,0.0,109,0.01,911.5657958984375
1546,0.0,273,0.01,935.254638671875
1547,0.0,148,0.01,320.1009521484375
1548,0.0,158,0.01,1401.116943359375
1549,0.0,239,0.01,2339.48583984375
1550,0.0,191,0.01,1134.081787109375
1551,50.0,221,0.01,1842.0255126953125
1552,0.0,159,0.01,1753.1151123046875
1553,0.0,121,0.01,1335.2236328125
1554,50.0,127,0.01,1228.711181640625
1555,50.0,151,0.01,312.9102783203125
1556,0.0,130,0.01,2382.592529296875
1557,0.0,144,0.01,1355.507080078125
1558,50.0,163,0.01,1684.180908203125
1559,0.0,147,0.01,2313.27587890625
1560,0.0,173,0.01,748.1639404296875
1561,50.0,213,0.01,1847.5450439453125
1562,0.0,104,0.01,571.106689453125
1563,0.0,151,0.01,1904.994384765625
1564,0.0,226,0.01,1936.2073974609375
1565,0.0,147,0.01,1576.9112548828125
1566,0.0,115,0.01,1599.8004150390625
1567,0.0,106,0.01,2111.33447265625
1568,50.0,191,0.01,1799.556640625
1569,0.0,114,0.01,1887.375
1570,0.0,120,0.01,1664.6678466796875
1571,0.0,105,0.01,818.4151611328125
1572,0.0,155,0.01,1244.2984619140625
1573,0.0,225,0.01,1255.9627685546875
1574,0.0,119,0.01,3019.27685546875
1575,0.0,196,0.01,1799.5811767578125
1576,50.0,200,0.01,2292.267578125
1577,0.0,107,0.01,3428.83251953125
1578,50.0,202,0.01,759.566650390625
1579,0.0,161,0.01,363.173095703125
1580,0.0,140,0.01,369.2255859375
1581,0.0,228,0.01,4224.49365234375
1582,0.0,173,0.01,1218.7786865234375
1583,0.0,176,0.01,2607.029052734375
1584,0.0,166,0.01,324.9349365234375
1585,0.0,149,0.01,3284.494384765625
1586,50.0,220,0.01,623.0460205078125
1587,0.0,110,0.01,2065.30126953125
1588,0.0,103,0.01,1624.1961669921875
1589,0.0,162,0.01,1675.062255859375
1590,0.0,113,0.01,5484.482421875
1591,50.0,123,0.01,960.2813720703125
1592,100.0,168,0.01,598.1329345703125
1593,0.0,125,0.01,1342.6854248046875
1594,100.0,193,0.01,1779.965576171875
1595,100.0,157,0.01,313.453125
1596,0.0,147,0.01,3169.1005859375
1597,0.0,216,0.01,583.736083984375
1598,0.0,101,0.01,1013.89404296875
1599,100.0,131,0.01,4003.99267578125
1600,0.0,227,0.01,2189.8017578125
1601,0.0,175,0.01,2006.1302490234375
1602,0.0,194,0.01,330.376708984375
1603,50.0,231,0.01,2226.7041015625
1604,0.0,196,0.01,2906.609619140625
1605,0.0,156,0.01,264.503662109375
1606,50.0,211,0.01,2106.77685546875
1607,50.0,159,0.01,1635.28173828125
1608,0.0,165,0.01,1878.473876953125
1609,0.0,218,0.01,254.0052490234375
1610,50.0,279,0.01,4019.154296875
1611,50.0,142,0.01,1560.191162109375
1612,0.0,125,0.01,627.5262451171875
1613,0.0,216,0.01,936.5250244140625
1614,50.0,132,0.01,260.4940185546875
1615,0.0,120,0.01,1203.8485107421875
1616,0.0,127,0.01,2647.07666015625
1617,0.0,190,0.01,975.390869140625
1618,0.0,129,0.01,700.98046875
1619,0.0,184,0.01,2144.31005859375
1620,0.0,168,0.01,255.0687255859375
1621,50.0,135,0.01,1540.811279296875
1622,0.0,231,0.01,1514.341796875
1623,0.0,192,0.01,3754.231201171875
1624,0.0,183,0.01,303.6536865234375
1625,50.0,146,0.01,1853.0557861328125
1626,0.0,92,0.01,201.874755859375
1627,50.0,206,0.01,527.4354248046875
1628,0.0,157,0.01,255.3138427734375
1629,0.0,127,0.01,3781.2587890625
1630,0.0,189,0.01,1841.903564453125
1631,0.0,208,0.01,994.018310546875
1632,0.0,170,0.01,3304.001953125
1633,0.0,241,0.01,230.9774169921875
1634,50.0,140,0.01,1214.10302734375
1635,50.0,158,0.01,767.108154296875
1636,0.0,126,0.01,258.1424560546875
1637,0.0,212,0.01,1653.803955078125
1638,50.0,268,0.01,2383.6875
1639,0.0,217,0.01,242.1533203125
1640,0.0,141,0.01,176.7147216796875
1641,0.0,127,0.01,1022.601806640625
1642,0.0,149,0.01,212.1650390625
1643,0.0,93,0.01,2879.98046875
1644,0.0,94,0.01,591.6868896484375
1645,0.0,143,0.01,1519.750732421875
1646,0.0,151,0.01,189.6639404296875
1647,0.0,222,0.01,1927.303466796875
1648,0.0,117,0.01,304.93731689453125
1649,0.0,188,0.01,331.56951904296875
1650,50.0,147,0.01,1693.4415283203125
1651,0.0,102,0.01,2166.033447265625
1652,0.0,146,0.01,648.8848266601562
1653,0.0,131,0.01,3508.42724609375
1654,0.0,142,0.01,555.1218872070312
1655,0.0,132,0.01,2441.78466796875
1656,0.0,138,0.01,2002.1298828125
1657,0.0,96,0.01,2578.723388671875
1658,0.0,127,0.01,810.3777465820312
1659,50.0,164,0.01,1528.66357421875
1660,0.0,103,0.01,870.8864135742188
1661,0.0,162,0.01,158.38861083984375
1662,0.0,142,0.01,1210.2213134765625
1663,0.0,158,0.01,168.52166748046875
1664,0.0,131,0.01,1158.6102294921875
1665,0.0,130,0.01,359.22723388671875
1666,50.0,211,0.01,276.561279296875
1667,0.0,145,0.01,1236.283935546875
1668,50.0,198,0.01,196.6634521484375
1669,0.0,174,0.01,3200.4140625
1670,0.0,179,0.01,228.1571044921875
1671,0.0,138,0.01,1202.99365234375
1672,50.0,166,0.01,124.4769287109375
1673,0.0,198,0.01,2031.9931640625
1674,50.0,120,0.01,191.58428955078125
1675,0.0,120,0.01,734.0966796875
1676,0.0,164,0.01,1835.4515380859375
1677,0.0,156,0.01,2342.625
1678,0.0,156,0.01,1403.4150390625
1679,0.0,98,0.01,1020.4064331054688
1680,0.0,165,0.01,270.19329833984375
1681,0.0,133,0.01,1953.44580078125
1682,0.0,124,0.01,1920.013671875
1683,0.0,126,0.01,1957.3955078125
1684,0.0,123,0.01,2965.58447265625
1685,0.0,164,0.01,823.4154663085938
1686,0.0,130,0.01,199.4608154296875
1687,50.0,282,0.01,1540.954345703125
1688,0.0,143,0.01,2591.7587890625
1689,0.0,261,0.01,1006.0791625976562
1690,0.0,283,0.01,541.2490234375
1691,0.0,145,0.01,2127.337890625
1692,0.0,133,0.01,215.15545654296875
1693,0.0,149,0.01,901.6214599609375
1694,100.0,138,0.01,1099.198974609375
1695,0.0,164,0.01,819.1275024414062
1696,0.0,162,0.01,900.03173828125
1697,0.0,120,0.01,2538.83984375
1698,0.0,182,0.01,3231.1826171875
1699,0.0,177,0.01,646.3919067382812
1700,0.0,184,0.01,2957.23046875
1701,0.0,329,0.01,1230.0986328125
1702,0.0,343,0.01,1299.24609375
1703,0.0,158,0.01,796.635986328125
1704,0.0,116,0.01,2148.919921875
1705,0.0,207,0.01,4857.287109375
1706,0.0,159,0.01,1366.9444580078125
1707,0.0,142,0.01,3019.28955078125
1708,0.0,134,0.01,344.4898681640625
1709,50.0,126,0.01,1244.9996337890625
1710,0.0,103,0.01,2233.0595703125
1711,0.0,160,0.01,1744.37060546875
1712,0.0,131,0.01,1112.7950439453125
1713,50.0,197,0.01,1623.4613037109375
1714,0.0,164,0.01,1261.4058837890625
1715,0.0,133,0.01,3008.7529296875
1716,0.0,184,0.01,1791.508544921875
1717,0.0,160,0.01,3039.538818359375
1718,0.0,172,0.01,311.2548828125
1719,0.0,249,0.01,1347.5308837890625
1720,0.0,164,0.01,4839.3818359375
1721,0.0,171,0.01,1617.96630859375
1722,0.0,149,0.01,854.2685546875
1723,0.0,284,0.01,565.2047729492188
1724,0.0,126,0.01,245.5718994140625
1725,0.0,193,0.01,3686.160888671875
1726,0.0,150,0.01,1188.5909423828125
1727,0.0,144,0.01,1334.2803955078125
1728,0.0,150,0.01,1467.9000244140625
1729,0.0,206,0.01,1352.61279296875
1730,50.0,171,0.01,2361.11474609375
1731,0.0,220,0.01,332.2314453125
1732,0.0,141,0.01,2275.99072265625
1733,0.0,190,0.01,351.7274169921875
1734,0.0,125,0.01,2492.3623046875
1735,0.0,102,0.01,3061.417724609375
1736,0.0,92,0.01,348.0205078125
1737,50.0,148,0.01,232.5550537109375
1738,0.0,164,0.01,716.5191650390625
1739,50.0,243,0.01,903.8470458984375
1740,50.0,111,0.01,328.33349609375
1741,0.0,158,0.01,5434.2060546875
1742,0.0,135,0.01,2394.30615234375
1743,100.0,219,0.01,1346.8612060546875
1744,0.0,229,0.01,2287.384765625
1745,0.0,117,0.01,441.1729736328125
1746,0.0,177,0.01,2820.143310546875
1747,0.0,144,0.01,941.9813232421875
1748,0.0,126,0.01,658.9075927734375
1749,0.0,148,0.01,286.3443603515625
1750,0.0,239,0.01,1956.7052001953125
1751,50.0,176,0.01,2273.453125
1752,0.0,195,0.01,2270.58251953125
1753,0.0,116,0.01,2973.68017578125
1754,0.0,199,0.01,340.5423583984375
1755,0.0,99,0.01,2493.40087890625
1756,0.0,177,0.01,656.80224609375
1757,50.0,197,0.01,309.782958984375
1758,0.0,160,0.01,4950.8876953125
1759,0.0,203,0.01,654.5009765625
1760,0.0,131,0.01,1920.401123046875
1761,0.0,202,0.01,6468.9248046875
1762,0.0,112,0.01,1942.3055419921875
1763,0.0,135,0.01,4557.8046875
1764,50.0,141,0.01,1203.6513671875
1765,50.0,127,0.01,2288.05322265625
1766,0.0,132,0.01,4770.0263671875
1767,50.0,316,0.01,4246.3876953125
1768,150.0,198,0.01,336.3138427734375
1769,0.0,180,0.01,3207.666259765625
1770,0.0,191,0.01,5004.4404296875
1771,0.0,147,0.01,4833.89990234375
1772,0.0,215,0.01,662.03662109375
1773,0.0,164,0.01,1650.3021240234375
1774,50.0,215,0.01,2200.802490234375
1775,0.0,185,0.01,5161.6630859375
1776,0.0,193,0.01,1127.237548828125
1777,0.0,122,0.01,4348.3291015625
1778,0.0,123,0.01,6686.33203125
1779,0.0,108,0.01,8778.974609375
1780,0.0,134,0.01,991.537109375
1781,0.0,164,0.01,2083.70361328125
1782,0.0,232,0.01,4081.458984375
1783,0.0,137,0.01,1567.2252197265625
1784,0.0,124,0.01,780.728271484375
1785,0.0,144,0.01,4785.74462890625
1786,0.0,133,0.01,4030.14599609375
1787,0.0,225,0.01,3968.97998046875
1788,50.0,146,0.01,952.5506591796875
1789,0.0,215,0.01,962.40625
1790,0.0,146,0.01,1771.1407470703125
1791,0.0,126,0.01,1872.9134521484375
1792,0.0,146,0.01,359.4478759765625
1793,0.0,134,0.01,389.9923095703125
1794,0.0,107,0.01,2249.256103515625
1795,0.0,211,0.01,1623.34521484375
1796,0.0,184,0.01,1458.544677734375
1797,0.0,146,0.01,1485.3551025390625
1798,50.0,133,0.01,471.6552734375
1799,0.0,114,0.01,3244.95947265625
1800,0.0,126,0.01,553.4324951171875
1801,0.0,117,0.01,2713.8671875
1802,0.0,100,0.01,2349.727294921875
1803,0.0,152,0.01,504.88427734375
1804,0.0,115,0.01,8727.08984375
1805,0.0,150,0.01,776.2493896484375
1806,0.0,182,0.01,3455.1025390625
1807,0.0,112,0.01,745.92578125
1808,50.0,156,0.01,1998.754150390625
1809,50.0,197,0.01,3268.668212890625
1810,0.0,185,0.01,598.396240234375
1811,0.0,161,0.01,1071.65283203125
1812,0.0,152,0.01,1121.021484375
1813,0.0,179,0.01,3932.67626953125
1814,0.0,230,0.01,2314.71142578125
1815,50.0,111,0.01,5017.908203125
1816,0.0,220,0.01,1013.7080078125
1817,0.0,134,0.01,581.284912109375
1818,0.0,125,0.01,5516.5322265625
1819,0.0,171,0.01,3175.36474609375
1820,0.0,101,0.01,4054.525634765625
1821,0.0,158,0.01,2609.23681640625
1822,0.0,189,0.01,7632.58642578125
1823,0.0,131,0.01,3506.431640625
1824,0.0,118,0.01,870.47998046875
1825,0.0,113,0.01,669.697998046875
1826,50.0,98,0.01,1639.97265625
1827,50.0,116,0.01,4114.87451171875
1828,0.0,189,0.01,503.1728515625
1829,50.0,231,0.01,1036.2275390625
1830,0.0,182,0.01,1679.40771484375
1831,0.0,153,0.01,3617.69384765625
1832,0.0,132,0.01,557.75439453125
1833,0.0,255,0.01,976.8955078125
1834,0.0,146,0.01,5606.869140625
1835,0.0,248,0.01,668.96728515625
1836,0.0,146,0.01,461.37255859375
1837,0.0,150,0.01,1951.955078125
1838,0.0,247,0.01,2190.961669921875
1839,0.0,151,0.01,448.568603515625
1840,50.0,164,0.01,557.33056640625
1841,50.0,136,0.01,2130.1923828125
1842,50.0,157,0.01,6529.8955078125
1843,50.0,195,0.01,5354.2744140625
1844,0.0,158,0.01,6050.88720703125
1845,0.0,163,0.01,3432.406982421875
1846,0.0,167,0.01,461.2080078125
1847,50.0,268,0.01,3927.67431640625
1848,50.0,200,0.01,2457.5
1849,0.0,110,0.01,1338.299072265625
1850,0.0,133,0.01,464.209228515625
1851,0.0,164,0.01,2760.765625
1852,0.0,193,0.01,3630.06689453125
1853,0.0,207,0.01,8886.6728515625
1854,0.0,197,0.01,568.199462890625
1855,0.0,133,0.01,2205.501953125
1856,0.0,127,0.01,1103.305908203125
1857,0.0,164,0.01,3941.647705078125
1858,50.0,119,0.01,2951.430908203125
1859,100.0,159,0.01,643.6533203125
1860,0.0,183,0.01,5978.52587890625
1861,100.0,212,0.01,932.121826171875
1862,0.0,153,0.01,1820.0849609375
1863,0.0,127,0.01,488.509033203125
1864,0.0,157,0.01,3684.39453125
1865,0.0,117,0.01,4363.93798828125
1866,0.0,107,0.01,2941.144287109375
1867,0.0,136,0.01,6594.55322265625
1868,0.0,272,0.01,4723.67041015625
1869,0.0,184,0.01,2951.250732421875
1870,0.0,165,0.01,4313.87158203125
1871,0.0,177,0.01,2296.903564453125
1872,50.0,130,0.01,7423.5634765625
1873,0.0,144,0.01,7154.0625
1874,0.0,147,0.01,6487.27001953125
1875,0.0,134,0.01,509.7421875
1876,50.0,181,0.01,3185.527099609375
1877,50.0,152,0.01,2565.41943359375
1878,50.0,148,0.01,1022.64111328125
1879,0.0,145,0.01,1343.4267578125
1880,0.0,139,0.01,3686.333251953125
1881,0.0,268,0.01,524.61865234375
1882,0.0,116,0.01,8236.75390625
1883,0.0,150,0.01,489.390625
1884,0.0,128,0.01,625.32861328125
1885,0.0,132,0.01,7981.7841796875
1886,50.0,209,0.01,5264.96484375
1887,0.0,217,0.01,3671.611572265625
1888,0.0,118,0.01,2183.545654296875
1889,0.0,163,0.01,1954.869384765625
1890,0.0,115,0.01,4223.5517578125
1891,50.0,177,0.01,4852.77734375
1892,0.0,184,0.01,1571.13818359375
1893,0.0,117,0.01,2755.50390625
1894,50.0,174,0.01,3322.361328125
1895,0.0,112,0.01,2754.404052734375
1896,0.0,116,0.01,502.00830078125
1897,0.0,166,0.01,6903.8564453125
1898,0.0,129,0.01,5118.72265625
1899,50.0,212,0.01,2464.20361328125
1900,0.0,134,0.01,3444.959716796875
1901,0.0,251,0.01,898.883544921875
1902,0.0,171,0.01,1659.845703125
1903,0.0,158,0.01,5467.30517578125
1904,50.0,175,0.01,2329.23046875
1905,50.0,193,0.01,1973.46728515625
1906,0.0,134,0.01,3261.70849609375
1907,0.0,125,0.01,1020.099853515625
1908,0.0,109,0.01,4826.990234375
1909,50.0,122,0.01,1389.796875
1910,50.0,222,0.01,3125.69189453125
1911,0.0,244,0.01,3579.83544921875
1912,0.0,249,0.01,2242.80126953125
1913,0.0,199,0.01,7656.41455078125
1914,50.0,172,0.01,3492.442138671875
1915,0.0,205,0.01,406.932861328125
1916,0.0,201,0.01,3619.2431640625
1917,100.0,165,0.01,1453.799072265625
1918,50.0,217,0.01,544.78662109375
1919,50.0,143,0.01,1455.903076171875
1920,0.0,111,0.01,5360.458984375
1921,50.0,175,0.01,625.934814453125
1922,50.0,235,0.01,2812.1611328125
1923,50.0,131,0.01,2154.73583984375
1924,0.0,230,0.01,6560.07470703125
1925,0.0,228,0.01,2937.608154296875
1926,0.0,113,0.01,9954.443359375
1927,100.0,213,0.01,4446.39453125
1928,50.0,160,0.01,5403.4501953125
1929,0.0,133,0.01,4944.88671875
1930,0.0,185,0.01,508.769287109375
1931,0.0,182,0.01,4230.87109375
1932,0.0,166,0.01,3885.9482421875
1933,0.0,214,0.01,1914.60888671875
1934,0.0,157,0.01,1373.602294921875
1935,0.0,181,0.01,475.0849609375
1936,0.0,120,0.01,2128.837646484375
1937,0.0,136,0.01,2645.076904296875
1938,0.0,104,0.01,460.766845703125
1939,0.0,126,0.01,1499.594482421875
1940,0.0,158,0.01,2882.9697265625
1941,0.0,159,0.01,758.3330078125
1942,0.0,207,0.01,3356.93994140625
1943,0.0,208,0.01,455.018798828125
1944,0.0,137,0.01,7407.55517578125
1945,50.0,135,0.01,2920.555419921875
1946,0.0,117,0.01,2134.48193359375
1947,0.0,112,0.01,5374.3193359375
1948,0.0,212,0.01,2891.177734375
1949,0.0,130,0.01,2102.122802734375
1950,0.0,215,0.01,6357.681640625
1951,0.0,158,0.01,2455.2705078125
1952,0.0,121,0.01,4485.6181640625
1953,0.0,260,0.01,1284.81884765625
1954,0.0,190,0.01,2861.81396484375
1955,0.0,220,0.01,4624.8828125
1956,50.0,174,0.01,312.179443359375
1957,0.0,153,0.01,2031.73046875
1958,0.0,159,0.01,4963.4091796875
1959,0.0,217,0.01,7500.4453125
1960,50.0,171,0.01,1117.3934326171875
1961,0.0,177,0.01,7442.8564453125
1962,0.0,183,0.01,4683.27685546875
1963,0.0,171,0.01,861.159423828125
1964,0.0,169,0.01,5301.93408203125
1965,50.0,197,0.01,2017.84619140625
1966,0.0,126,0.01,1426.078369140625
1967,0.0,160,0.01,2682.705810546875
1968,0.0,179,0.01,2113.385009765625
1969,50.0,112,0.01,4136.544921875
1970,0.0,202,0.01,608.592529296875
1971,0.0,117,0.01,1164.876953125
1972,0.0,112,0.01,2296.338134765625
1973,50.0,119,0.01,6101.11279296875
1974,50.0,222,0.01,6351.9365234375
1975,0.0,147,0.01,1413.40283203125
1976,50.0,217,0.01,4665.2294921875
1977,0.0,156,0.01,8054.595703125
1978,0.0,216,0.01,2730.983154296875
1979,0.0,144,0.01,8436.173828125
1980,0.0,173,0.01,362.701171875
1981,0.0,145,0.01,5723.1220703125
1982,0.0,126,0.01,2790.583251953125
1983,0.0,113,0.01,1866.36669921875
1984,0.0,262,0.01,6083.59521484375
1985,0.0,181,0.01,524.6988525390625
1986,0.0,201,0.01,851.312255859375
1987,0.0,153,0.01,2785.1591796875
1988,50.0,128,0.01,2520.48095703125
1989,0.0,115,0.01,6550.02978515625
1990,0.0,160,0.01,1456.274658203125
1991,50.0,193,0.01,1242.089111328125
1992,0.0,133,0.01,753.023681640625
1993,0.0,113,0.01,1765.583251953125
1994,0.0,121,0.01,8138.537109375
1995,0.0,191,0.01,832.31005859375
1996,0.0,175,0.01,1469.509033203125
1997,0.0,130,0.01,4081.08349609375
1998,0.0,205,0.01,3785.9189453125
1999,0.0,116,0.01,3094.044189453125
